aadhaar_id,name,dob,gender,addr_state,addr_district,phone,biom_hash,enroll_time,enroll_center_id,anomaly_type
SYN_AAD_003648,Allison Hill,1960-01-04,M,Gujarat,Lake Curtis,9600133890,5086e3ac779686fc6a6126cdd8f04da56d68a0bb,2024-06-15 09:16:44,CTR_63,none
SYN_AAD_007314,Rhonda Smith,1951-05-12,M,Maharashtra,Petersonberg,5116155940,6e809136fec287e8cae4f5fcbc7d282e71e7f122,2023-11-08 19:23:39,CTR_174,none
SYN_AAD_017870,Edward Fuller,1978-11-06,M,Punjab,Lake Chad,4131647525,ea0bbf106d7b865dcbc9b8e768509b1e6f59ad83,2021-03-29 13:58:55,CTR_109,none
SYN_AAD_004961,Carolyn Daniel,1951-11-14,M,Maharashtra,Grayside,5030564139,813e773e85d610df640250f6ab1aad0956e06a2b,2024-07-15 08:17:56,CTR_56,none
SYN_AAD_014832,Charles Mcgee,2002-12-26,O,Punjab,Juliechester,5328710122,919b4683b9a63d83b8eedeccc1a1e96cc0323abb,2024-08-12 22:09:14,CTR_7,none
SYN_AAD_011567,Tricia Valencia,1931-03-12,M,Kerala,Lake Nicoleview,1462704828,0e7a40eb9710ae57941a94d5d16138b7157f6973,2021-12-07 14:20:49,CTR_108,none
SYN_AAD_007223,Christopher Ashley,2001-10-24,F,Punjab,New Mariotown,5430391171,71c687fa7926210ce04cbb1e9138b7239b284c55,2025-04-23 22:09:09,CTR_72,none
SYN_AAD_000212,Joseph Obrien,1958-06-16,M,Uttar Pradesh,Lake Larry,7871331509,92b73a7f02008bdfb884c91d9613465a941645d5,2021-03-28 07:27:11,CTR_88,none
SYN_AAD_009105,Amy Jones,1933-11-27,M,Tamil Nadu,Chadbury,7382997376,35a6395f530ef0ed2fc2c7fc359422eab1c06478,2023-08-25 12:09:59,CTR_196,none
SYN_AAD_011029,John Daniel,1943-01-10,M,Maharashtra,South Jessicaville,3387262473,e73c32f39680c0ecc8874e564d4ab9332522bdb7,2025-03-26 06:58:58,CTR_98,none
SYN_AAD_003169,Tracy House,1961-10-20,F,West Bengal,South Todd,6026064746,4aab0528e63dc3ef8ce501d2d4d7b3f6b7029b98,2022-06-27 02:46:48,CTR_155,none
SYN_AAD_008667,Lauren Daniels,1972-04-24,M,Rajasthan,North Breannahaven,0812191361,b2ae29078ab1b00086a5fd8f8112386069f6c99b,2021-05-01 10:57:03,CTR_138,none
SYN_AAD_004090,Kevin Mills,1965-02-13,F,Maharashtra,Lake Jennifer,4624751079,0c3d355a937b26097245ef76dc88aa21ebe2e418,2024-12-08 11:19:18,CTR_142,none
SYN_AAD_009606,Timothy Ibarra,1962-11-17,O,Punjab,Justinmouth,9808412411,d6b21c16a6dec8f6223bab64438f57b5a67ea35a,2022-06-05 03:30:36,CTR_93,none
SYN_AAD_018918,Christina Walters,1965-07-23,M,Maharashtra,Kington,6400524278,d9a683533ae62f1fd3e360ae23fd7d305b552d06,2021-11-25 20:07:05,CTR_12,none
SYN_AAD_011537,Tiffany Howard,1949-10-14,F,Maharashtra,Andersonport,0533158692,d217ab58affa4b36699c82a8f735d5504acf7df3,2020-11-04 18:01:49,CTR_60,duplicate_aadhaar_diff_name
SYN_AAD_003309,Tim Patton,1985-08-31,F,Gujarat,West Erik,6073375433,b0be8b271e048412a2eeec0916e7a834e526ce21,2021-03-23 10:12:41,CTR_117,none
SYN_AAD_011954,Diana May,1984-01-11,M,West Bengal,Sheilaville,2940196556,0b3103aa750ad70d84e84fa1c5880c09d97197ca,2025-07-16 03:20:44,CTR_91,none
SYN_AAD_006865,Andrew Graham,2000-05-23,O,Gujarat,West Ryan,9514846564,109b842bc360a585d2f2660295611aaa6c613a6f,2023-11-10 16:56:45,CTR_180,none
SYN_AAD_002339,Stephanie Gilbert,1970-08-04,O,Karnataka,Kelleytown,4369957773,f68a909896cbe6ab65d41c2541f428f837f56a18,2023-01-18 10:28:23,CTR_137,none
SYN_AAD_008021,Mackenzie Rogers,1961-08-06,M,Rajasthan,Jeffreyborough,0037917693,6de816e6334ae4e69fc8eb51485ccb2c5b7de275,2020-09-05 23:16:34,CTR_98,none
SYN_AAD_008845,Shannon Mcclure,1987-06-30,O,Kerala,East Linda,0831727889,7818582f01d6ab4a22db1820b4ad1c82792a0ec4,2024-12-05 00:48:46,CTR_57,none
SYN_AAD_010626,Terry Griffin,1951-04-17,M,Tamil Nadu,Colebury,8734714345,d02c1151e5d08c8ea292ab43691baf226e152e09,2022-08-08 05:55:51,CTR_9,none
SYN_AAD_015622,Timothy Webb,1986-02-04,F,Gujarat,Riveramouth,0366909670,8d6df3a4a35cebb989f1c91e77192901d1d99eca,2024-03-13 14:18:58,CTR_17,duplicate_aadhaar_diff_name
SYN_AAD_006913,Morgan Marsh,1959-08-25,O,West Bengal,Robinsonchester,0656272980,2df578f5bc54e9dbd16437683a405ca171a65031,2021-05-07 13:24:04,CTR_55,none
SYN_AAD_016358,Brandy Murray,1936-06-22,F,Rajasthan,Nicholasborough,5564641708,bcfcdcd52b0ad06aed85ca49a8589cec664e4531,2020-12-22 19:41:21,CTR_37,none
SYN_AAD_008679,Tiffany Gonzalez,1932-05-28,M,Tamil Nadu,East David,9374529912,c5c33d5a42ee9afa0e6820e8346ab4e90f03558d,2023-04-15 23:02:35,CTR_191,none
SYN_AAD_018394,Susan Brooks,1956-08-16,O,Gujarat,New Hannahbury,4919058651,58672f3548d4bbabd0b1ea1f8d756475644eb28f,2024-10-20 17:54:48,CTR_192,none
SYN_AAD_015660,Ashley Harris,1992-03-14,F,Punjab,South Gregory,9877694531,23f61a02051e8c8f8df61b06341e306aeba71034,2025-06-25 04:53:39,CTR_103,duplicate_aadhaar_diff_name
SYN_AAD_002556,Ricardo Bryan,1973-11-12,M,Karnataka,South Jason,5494808313,8ac58697aecf06879227fab82a50f4c906fe07be,2024-09-06 21:54:00,CTR_131,duplicate_aadhaar_diff_name
SYN_AAD_016171,Katherine Mcguire,1942-04-18,M,Delhi,Jeffreybury,9578856855,41836c8cf5d4333e6c1fb26d9327354ca1c4c978,2021-08-29 14:34:46,CTR_29,none
SYN_AAD_005008,Emily Newton,1954-10-30,O,Karnataka,East Joanna,9894134352,7a1071be5abb57224d6a93e5d32e98e6a7d0355b,2021-01-08 03:43:17,CTR_175,none
SYN_AAD_013833,Kristen Terry,1946-10-26,O,Maharashtra,Garciatown,7775204711,e1555148c112ddea64129f8439264a887ab00bcf,2021-02-02 07:12:26,CTR_99,none
SYN_AAD_012504,Robert Avery,1941-03-23,O,Rajasthan,North Angela,9993867749,5f507af5206b44e54ceab5e81fd543ac2b36d737,2021-06-24 01:12:58,CTR_136,none
SYN_AAD_008238,Christine Clark,1940-09-05,O,Delhi,East Glenn,2067974034,30082479da340530c03d1066468e01090e59f97c,2022-11-19 16:26:51,CTR_175,none
SYN_AAD_003753,Lori Guerrero,1956-07-21,O,Kerala,Wilsonbury,4210249947,053bc9b91384c845cc93a0a5a4e783380e4f7fc8,2022-12-13 13:58:20,CTR_193,none
SYN_AAD_013542,Jennifer Gay,1935-01-21,O,West Bengal,Navarroview,1399049027,e5681c69882094be415cd5748dd4f89e27896466,2025-08-12 07:09:54,CTR_29,duplicate_aadhaar_diff_name
SYN_AAD_000273,James Weaver,1993-08-07,F,Karnataka,Rickymouth,2567468071,f1534b19713decabeec3ec53671300b8c1530490,2024-01-27 11:18:05,CTR_117,duplicate_aadhaar_diff_name
SYN_AAD_000106,Samantha Smith,2003-06-24,O,Gujarat,Gutierrezborough,9770348247,ade8937868668400b6e1484ecf89bad61bc2ea97,2022-09-02 05:08:13,CTR_129,none
SYN_AAD_012116,Emily Smith,1985-02-27,O,Maharashtra,East Victoriaville,1274846773,50dd009faafca601080540b3ae27fba64b8deb16,2024-12-15 19:00:45,CTR_161,none
SYN_AAD_009779,Breanna Jones,1986-02-07,O,Kerala,Sarahhaven,0449972787,e292a5cc28638fa2a2573edba47f977859628439,2023-11-04 16:38:43,CTR_156,none
SYN_AAD_006517,Frank Lopez,1962-02-18,M,West Bengal,Hallchester,5766270289,d4246241a2fddeafafe50dfeea590f7ccff6d9ef,2024-07-09 08:51:07,CTR_196,none
SYN_AAD_005293,Charles Pitts,1950-08-22,O,Kerala,South Kimberlyview,9615865780,413b9303ba0d6b9b72a8c7a4b14cc39a33b0ac3b,2023-01-29 14:21:23,CTR_1,none
SYN_AAD_019626,Nicole Hamilton MD,1943-04-24,F,Rajasthan,Jacksonport,0504556238,0e1f7866cabbae361fb677bf26c2cf1c984e42e5,2021-04-22 02:07:54,CTR_5,none
SYN_AAD_003665,Janet Vega,1997-05-13,F,Gujarat,East Steven,7407482175,402d9c9a4afc2becefffb0fbc258d478a74215fc,2024-07-09 01:58:18,CTR_62,none
SYN_AAD_001898,Christina Cruz,1995-05-25,M,Punjab,East Patrickstad,4064090974,e72b7bc921f66048d5910e8cf1afba16ffbac701,2022-04-02 11:05:37,CTR_21,none
SYN_AAD_002806,Megan Le,1948-03-31,O,Rajasthan,Lake Debbieport,0952145623,87aae2061563099caa3933bb2fda3dee861d0f1d,2022-12-14 10:56:13,CTR_18,none
SYN_AAD_017455,Dawn Summers,1995-03-18,M,Karnataka,Juliemouth,7123685160,757199c105475a3dd0296973a3681791275c6675,2022-11-12 05:59:47,CTR_169,none
SYN_AAD_005910,Samantha Bentley,1944-05-17,O,Karnataka,South Angel,9317461200,a267e232a944d0bde7f6e21cea2558bf48adfed2,2025-03-16 20:12:18,CTR_68,none
SYN_AAD_017290,Jesse Santiago,2003-02-25,O,Uttar Pradesh,Matthewsberg,1796405377,d9eeac646d9e6234f17f9fb15c9547536d31d7ae,2023-10-05 00:18:16,CTR_55,none
SYN_AAD_017671,Vanessa Howard,1983-10-26,O,Tamil Nadu,Jamesville,1390053293,9c246d9c069aca9dfd1af51b4e2fa9632243af2d,2022-08-13 15:27:56,CTR_183,none
SYN_AAD_014831,Charles Lester,1930-01-06,F,West Bengal,Micheleberg,8421020539,d2dd5bc8d3e04f56726791a2dbc1da56f9995002,2021-09-17 13:37:36,CTR_113,none
SYN_AAD_016959,Kelly Reese,1994-06-13,F,Maharashtra,Stricklandhaven,7839084700,63dad7a2a5bffbf7bf322447c01ea725847a834c,2024-10-20 22:55:12,CTR_64,none
SYN_AAD_007362,Jill Lam,1973-06-21,M,West Bengal,North David,6984789611,d6773457a50cc8065682e4afad15f0d929683a3c,2022-07-30 15:32:27,CTR_6,none
SYN_AAD_019277,Ronald Ross,1942-07-28,O,Tamil Nadu,Ronaldview,2711116152,1a28d635424a79897c80cf43c8b3161919243fba,2025-05-30 19:58:24,CTR_151,none
SYN_AAD_005380,Jessica Manning,1987-03-12,M,Maharashtra,West Carolinestad,9832731585,0b129fe23d16822fa67931c6a99fef26f689dadc,2024-04-13 22:45:54,CTR_182,duplicate_aadhaar_diff_name
SYN_AAD_001929,Vanessa Cardenas,2005-05-27,M,Maharashtra,New Sarahview,2445502296,32b658646c99d5c40bae6dad2aa3bdd873d7c402,2025-02-22 21:28:52,CTR_9,none
SYN_AAD_012337,Jake Hubbard,1979-12-30,M,Kerala,Jennifershire,0229014767,5ff44b44a4d17fc0d45eb7b3a407817cfcc809a9,2024-12-28 13:08:05,CTR_61,duplicate_aadhaar_diff_name
SYN_AAD_004935,Catherine Mendoza,1995-11-11,O,Rajasthan,Brandonfurt,0343244510,eba118476b5945341b3358a70f7d556ede5268f1,2025-03-01 10:02:35,CTR_55,duplicate_aadhaar_diff_name
SYN_AAD_017669,Kathryn Whitaker,1977-10-31,M,Punjab,South Michelleton,0715969664,0531327200b48915e4149e3b9d8b554ec492048f,2022-02-04 17:37:05,CTR_148,none
SYN_AAD_001053,Lisa Collier,1978-11-17,M,Rajasthan,South Meganbury,9681645352,1ce0ffd5fa60386285e73fa94b7ad8ae49535374,2022-04-14 04:19:58,CTR_105,none
SYN_AAD_006740,Elizabeth Simpson,1949-09-24,M,Maharashtra,North Dwayne,2921277997,49ddfdfcc5d0ee008b1cc163dc33f8f4fea2a6ba,2023-04-28 22:50:59,CTR_169,duplicate_aadhaar_diff_name
SYN_AAD_014124,Barry Ramos,1970-11-05,F,Uttar Pradesh,Brittanystad,4770054119,0336afa737338c39a9aec7366975dbaeb02e4c4e,2025-05-07 22:38:56,CTR_106,none
SYN_AAD_015303,Nancy Williams,2007-06-08,O,Delhi,West Cassidy,0715182037,9497737beb08021de4ca00657f93a33a2345c3d9,2023-09-24 08:01:24,CTR_173,none
SYN_AAD_003224,Douglas Ortiz,1975-09-07,M,Uttar Pradesh,Port Crystalmouth,5186449251,fdc772f434da2f99466736642a066642124afb68,2023-12-20 12:19:50,CTR_187,none
SYN_AAD_013660,Austin Adams,2005-09-13,M,Tamil Nadu,Schneidermouth,8168505423,f7b19c58b95ed6f0cf7c559b435d950205b422f5,2021-10-21 03:26:29,CTR_50,duplicate_aadhaar_diff_name
SYN_AAD_006232,Edward French,1998-09-23,O,Rajasthan,Lake Matthewberg,2229270653,2e0a693ad03ba17f1cfedf0346a05298b77287fc,2024-06-14 12:19:12,CTR_36,none
SYN_AAD_013824,David Sheppard,1993-06-18,M,Gujarat,West Erika,7468862392,9278020e0a1f60811100034391e77d9b3cb13003,2025-05-08 15:22:47,CTR_119,none
SYN_AAD_008185,Michelle Black,1946-08-07,M,Rajasthan,Christopherburgh,7826137506,f99b9bcb54379d9780ef9eefdfc92c9d2fa97ba0,2023-12-02 12:27:27,CTR_141,none
SYN_AAD_003208,Jade Johnson DVM,1975-04-07,M,Kerala,East Benjamin,2779010432,761935b1a8d0ed9748e5ca1d43fecfc1a5d7e61d,2023-01-31 20:14:08,CTR_4,none
SYN_AAD_008432,Catherine Nelson,1991-11-05,M,Karnataka,North Maryfort,8932460953,1bff47e4a54ac228dc932a7e49918c6fa471f26e,2021-05-12 17:39:50,CTR_105,duplicate_aadhaar_diff_name
SYN_AAD_015913,Heather Ashley,2003-09-06,F,Tamil Nadu,South Morganton,5405153195,8ec75050849ea9efad4f54d98c6b33924cfb891c,2022-02-14 17:24:58,CTR_103,none
SYN_AAD_001921,Melinda Pollard,1994-10-04,M,Uttar Pradesh,Port Dennis,0430305486,1a2a2324ad51f9a8bd714e236d623cc1bebcfced,2022-04-05 11:31:47,CTR_1,none
SYN_AAD_012793,Scott Williams,1974-10-22,F,Rajasthan,Davidstad,6765277584,c2be1d83bdddf78685e1d86e5f7c2592f1f10836,2022-03-03 09:38:08,CTR_74,none
SYN_AAD_013861,Erica Miller,1969-11-13,O,Kerala,Seanchester,7570596401,0498f2bc7ec3d0c7ef1e536d69d542fc391efee9,2021-12-29 19:17:58,CTR_170,none
SYN_AAD_009484,Brenda Lawson,1989-04-07,M,Tamil Nadu,East Carlosstad,6909275571,9440c03d9d3b0f1d5af10ae4dd34b7a215cadf2f,2023-04-23 12:06:09,CTR_76,none
SYN_AAD_007133,Danielle Wilson,1954-12-14,M,Punjab,Holmesside,4473947312,814e8bfdfd8da513decbd14a1ff26bdac2878a2d,2024-06-02 15:43:14,CTR_189,none
SYN_AAD_017766,Rita Ponce DVM,1976-11-30,M,West Bengal,New Amberport,2583132370,8bd3cfe8b77cd8eb2c8c81186f638c4e1c544c7d,2025-04-29 15:36:07,CTR_15,none
SYN_AAD_001643,Stephen Jones,1983-10-27,O,Rajasthan,Foxchester,2517785289,d0631d6987fee5fb6c63a603516234fd57594188,2021-02-07 21:42:23,CTR_129,none
SYN_AAD_017403,Kelly Torres,1951-09-04,M,Delhi,Sarahbury,8414384249,3d24d3528ccd56d80c4846e349a7949c11ff0711,2025-07-28 17:57:59,CTR_131,none
SYN_AAD_002625,Matthew Le,1975-08-01,M,Maharashtra,Port Michelleland,9439690784,837dc615b8b9ea4b779942561fa2bcddeaae24fc,2024-02-02 10:16:42,CTR_153,none
SYN_AAD_002226,Benjamin Brown,1989-06-17,O,Tamil Nadu,Washingtonborough,9255562588,754a86b363837099b90b1480d1c756ae6a03f542,2022-11-28 17:57:31,CTR_104,none
SYN_AAD_003928,Charles Williams,1981-11-30,O,Tamil Nadu,Wrightburgh,9532787747,025f8de4c60bc0d7e267ac7c2f5cecc5e0345952,2022-09-06 15:51:13,CTR_149,none
SYN_AAD_019481,Harry Williams,1996-12-26,M,Punjab,Mitchelltown,6245650609,2a44599435abc2716e7c45e936b257501c74ec1c,2021-04-05 04:44:58,CTR_21,none
SYN_AAD_013737,Jerry Pierce,1945-10-20,O,Punjab,North Phillip,8523986800,cfaaa510d4cbad60c9f295ed66a14991b2ae0e45,2025-01-19 06:04:42,CTR_145,none
SYN_AAD_009436,Larry Robertson,1974-04-08,F,Gujarat,Franciscoport,8887947055,6da5a48191a90a17a4d9cf0ca64b7ec7dd3650fa,2020-11-10 12:46:51,CTR_53,none
SYN_AAD_000738,Deborah Rios,1960-08-07,M,Gujarat,New Timothyhaven,2309130756,725342101dd24525cc8977cdaadbbb3867ce6adc,2024-08-23 23:16:36,CTR_102,none
SYN_AAD_004288,Nancy Brown,1948-06-04,O,Gujarat,New Mark,8652785854,248e75cc981d6037cb814a23826fb6e44aa2dc86,2023-01-03 14:02:58,CTR_118,none
SYN_AAD_010360,Courtney Dudley,1970-02-19,M,Delhi,Janetfort,7584419866,d4c37c4b2609890116bda1c4bff4e7ec1d83f4c7,2021-04-22 06:41:12,CTR_118,none
SYN_AAD_018448,Jeremy Scott,1994-11-01,M,Maharashtra,East Maria,8421993308,88f93ba556c056fb3929451b7b73c07830fce950,2023-06-11 22:18:08,CTR_138,none
SYN_AAD_006984,Ashlee Townsend,1930-05-03,O,Gujarat,South Denise,7345401938,8dbd0bf73bd00e2c9618291dab7dbe8d095a2c8a,2022-02-16 21:34:50,CTR_34,none
SYN_AAD_011436,Amanda Huff,1997-01-19,M,Tamil Nadu,Lake Suzanne,0049915478,c7b1340bf2d64a66db9b6797d01e84da02135627,2024-08-12 19:58:59,CTR_95,none
SYN_AAD_002754,Robert Rivera,1992-02-02,M,Rajasthan,Jennifertown,4932966851,7f2e2085e3231db6f8b819c8c0b2dd390207ea65,2024-09-11 03:22:59,CTR_140,none
SYN_AAD_009912,David Green,1961-09-07,O,Kerala,Molinamouth,9904530174,15d74f812e432ce36c5db84c531aac824e5da240,2023-04-12 22:01:16,CTR_3,none
SYN_AAD_018173,Margaret Shepard,1979-08-27,F,Maharashtra,East Susan,2795687833,14982820ec59a640bbe7a406b9d97169305ffde5,2023-09-17 18:27:36,CTR_35,none
SYN_AAD_008666,Justin Brown,2004-03-01,M,Maharashtra,New Amanda,5871397187,83c59439c75c9e732d9339615db6212903268a82,2024-07-08 23:11:16,CTR_191,none
SYN_AAD_018128,Kristin Chambers,1971-07-29,M,Gujarat,South Jonathantown,9106518017,f4759d61880ab21eba9b5d73c433c2c7aa508dd2,2021-10-14 12:07:59,CTR_73,none
SYN_AAD_019819,Veronica Brewer,1986-11-04,M,West Bengal,Victoriafurt,6618251286,8dd6b1b302ed21bb2effd7d1f40a6c6c140d2d4d,2020-10-29 09:05:36,CTR_53,none
SYN_AAD_008650,Julie Ball,1987-05-10,O,Rajasthan,Morrowbury,5243106903,97df1c21143fc8e862ff389e057b63f6e983bd2d,2024-06-06 18:53:00,CTR_65,none
SYN_AAD_001664,Michele Williams,1935-08-27,M,Uttar Pradesh,Gonzalesside,0284395995,f88edec1cdee12f8b4fc67a711e3966633f816f6,2025-01-25 05:07:15,CTR_71,none
SYN_AAD_001444,Eric Brown,1953-06-19,M,West Bengal,Peterston,6856624628,0c118b1963a3efe9351ecf3eaceec43e641bd206,2021-11-11 05:28:16,CTR_198,none
SYN_AAD_004286,Suzanne Hart,1986-04-26,O,Gujarat,South John,5175183046,6e469a7eff2938dc21fc0296b78de23c62b5c178,2022-03-27 08:17:49,CTR_42,none
SYN_AAD_014478,Laurie Powers,1959-03-02,O,Uttar Pradesh,Clarkmouth,0331739363,77ad65aa59b52ba5f023f5d7afeeea34c4f40b48,2025-03-04 17:39:45,CTR_144,none
SYN_AAD_000316,Elizabeth Ward,1997-04-23,M,Maharashtra,Garciafort,3556093204,3c82827da62fded4d561f9ca994867b05c6362d4,2023-02-22 20:57:26,CTR_177,none
SYN_AAD_003584,Michael Wilson,1963-01-28,O,Delhi,Piercemouth,7772522872,6f398ae68a870262bc41214e1affbcbd0501c5b4,2021-04-07 16:18:07,CTR_95,duplicate_aadhaar_diff_name
SYN_AAD_012634,Mary Duran,1985-10-04,O,Karnataka,Port Crystal,2038750997,7846880126fdca7b7032e0fd87e031dec066d8fb,2024-02-18 17:26:50,CTR_111,none
SYN_AAD_007586,Joseph Hill,1968-08-25,M,Gujarat,New Lisachester,1182339845,ef5d3f825654337752fbc08f270ffa37529434c3,2024-02-02 05:25:22,CTR_94,none
SYN_AAD_009052,David Terry,1970-06-16,F,Tamil Nadu,Lake Victoriaton,6668700217,d3b8537426ba5fa8801ee31dca8a8a7303ad907d,2021-06-12 00:31:07,CTR_175,none
SYN_AAD_008176,Tamara Hall,2006-10-08,O,Maharashtra,Nelsonland,8902503926,d08df06492b22722b217f7cc8fc067312e7568c4,2025-06-15 09:44:06,CTR_91,none
SYN_AAD_018346,Jasmine Mosley,1974-10-12,F,Punjab,Camposberg,8501631599,d37bdbcee94074d21c81540362c23feb1275dc3e,2022-12-16 22:33:54,CTR_192,none
SYN_AAD_014316,Joanne Perez,2004-11-24,M,Karnataka,Reynoldsshire,1943114262,137871809ceff2b2351abe4c2de387bb2b945e40,2020-09-04 21:12:31,CTR_46,none
SYN_AAD_013510,Jill Juarez,1943-07-18,M,Karnataka,North Jacob,8886101581,1581697a1d1083429d48d25e934eecb7f2993042,2020-09-27 02:00:29,CTR_189,none
SYN_AAD_010885,James Miller,2005-10-13,F,Tamil Nadu,New Adriana,2244472126,9ce4d9ec9adaed901dd74a810dfa8b8b977b4f69,2021-04-15 17:29:51,CTR_69,none
SYN_AAD_005216,Tony Le,1997-02-09,O,Maharashtra,South Daniel,0659657569,7482f02a85cf2705681e91058d79354cb83576dc,2022-05-05 18:23:50,CTR_98,none
SYN_AAD_013370,Edward Lopez,1973-01-24,F,Tamil Nadu,Jessicafort,5646519398,4ea354e8eb1d057fc03b762dd7a7576750dc61a9,2024-07-23 22:52:21,CTR_52,duplicate_aadhaar_diff_name
SYN_AAD_015083,Christine Salinas,1939-01-16,F,Gujarat,Chambersberg,3426617979,d66746f800057207d5d1e7d3a85a1471e3f83cfb,2024-03-11 08:35:07,CTR_59,none
SYN_AAD_007304,Rachel Ward,2002-09-14,M,Tamil Nadu,North Kaylastad,9096561014,f43e74783f4c98151b4c8804e1ccd29dd6a91255,2025-07-11 22:29:07,CTR_103,none
SYN_AAD_019023,James Ford,1997-09-29,F,Maharashtra,West Whitney,1461125457,d39d38b998d2260c810a3ffba9ca2687e3218384,2021-06-19 01:07:33,CTR_198,none
SYN_AAD_002713,Kara Odom,1970-07-01,F,Kerala,Port Jennifertown,1238282586,b39becc9b682fc91fe02fce70d939cabf3c3354a,2022-03-21 19:50:28,CTR_103,duplicate_aadhaar_diff_name
SYN_AAD_017570,Jessica Johnson,1956-06-27,F,Delhi,Vargasfurt,3341918255,79522077009ebd1ab36ced771a87ec9b65924ee2,2024-10-18 12:23:44,CTR_30,none
SYN_AAD_014461,Margaret Harper,1983-01-21,M,Punjab,West Michaelmouth,4991251341,cecf94b2884861b01e297114d857fdb918c845dc,2024-03-11 03:59:34,CTR_68,none
SYN_AAD_001253,Laura Henderson,1995-11-13,M,Punjab,New Garrett,2257905072,42bc5422d2f8e370be667a600391ba15b3a78151,2024-11-04 13:27:07,CTR_112,none
SYN_AAD_011327,John Mckinney,1990-01-14,O,West Bengal,Jacksonshire,3404384279,af49692f63a71d0b89daff02bca9f59fc4d34fdb,2021-08-09 13:41:24,CTR_112,none
SYN_AAD_019864,Joshua Ritter,2003-05-28,O,Maharashtra,Port Jenniferside,6134074517,d5d8517257ac1aac55491d62dbaa52965e126c37,2023-08-14 02:45:19,CTR_99,none
SYN_AAD_018893,Lisa Patterson,1948-07-31,M,Gujarat,Port Jamie,9584982544,2c79e751fb7c3e1a945ca0f53336a467e72470b1,2021-06-11 14:19:40,CTR_12,none
SYN_AAD_016153,William Pope,1937-09-13,M,Kerala,Michelleberg,3253672946,1948112b13f016cc858f654a13de5c0ac249377b,2021-06-04 23:28:31,CTR_138,duplicate_aadhaar_diff_name
SYN_AAD_006456,Paul Neal,1979-11-11,F,Uttar Pradesh,Clementsmouth,1751863637,48a15f11a55f44fb317e9879b8a0306859f39918,2025-07-20 07:40:51,CTR_18,none
SYN_AAD_010819,Samuel Kramer,1936-03-21,O,West Bengal,North Conniemouth,1277063242,e38590064b242290e3676bdc80ec8a71f6057ccd,2023-10-19 00:30:21,CTR_170,none
SYN_AAD_004083,Mariah Williams,1971-03-18,O,Gujarat,South Diana,0371293870,9e89f1891c1a1477d98649e5e984423ac3352410,2024-03-23 19:50:02,CTR_130,none
SYN_AAD_000021,Karen Perez,1941-10-15,O,Uttar Pradesh,North Lawrenceport,6221890927,c23524af9b4d94816d135643484aac1f4a677657,2024-05-25 04:21:24,CTR_84,none
SYN_AAD_013185,Angelica Garcia,1946-05-24,O,Gujarat,Bellchester,2341389994,de69ccf2cd0101822dc30e727dc68e609cff131c,2024-12-19 18:34:53,CTR_142,none
SYN_AAD_004170,James Lucas,1962-03-16,M,Uttar Pradesh,Cruzbury,9180552696,7ae050cf7374fd17b97f2f2ea33dea674ce12661,2021-04-03 12:29:28,CTR_171,none
SYN_AAD_016643,Austin Baker,1935-01-19,O,Karnataka,Port Raymondport,6618892414,678392012551e7df287bb8180aed3c85b69ee3c4,2021-12-15 11:35:01,CTR_158,none
SYN_AAD_018648,Jeanette Walters,1938-08-18,F,Uttar Pradesh,Hollybury,3161799042,34e02a12d86bb540a78faf73998ad86ff74662f6,2022-01-10 18:04:17,CTR_141,none
SYN_AAD_000013,Gregory Holmes PhD,1964-11-30,F,Gujarat,West David,1056481491,08c4ba6e25abeb80d833b5560f1ee401f9fa7b6f,2024-11-18 23:26:49,CTR_54,none
SYN_AAD_014086,Carol Moore,1943-08-21,O,Punjab,East Joycetown,0307562208,249d9b257839cb1f582a5aee5f94c37e68fa45b0,2023-05-10 17:55:04,CTR_168,none
SYN_AAD_012908,Angela Flores,1997-12-16,F,Rajasthan,East Jeffreyhaven,6174451870,88221c725d17d74f197d5c36989962139c128fa4,2023-03-21 22:56:42,CTR_114,duplicate_aadhaar_diff_name
SYN_AAD_007002,Dana Richardson,1996-10-11,O,Rajasthan,Lake Rachel,2060385050,f27aeb9c4b089778726ac9b31e1fabda9b46e1c6,2022-08-29 16:53:16,CTR_189,none
SYN_AAD_005560,Tyrone Kaufman,1949-01-03,O,Maharashtra,Christopherbury,5719182619,c26619068cf580c234d9b9749c41a0de6549ca8f,2021-09-29 20:08:29,CTR_73,none
SYN_AAD_012226,Dean Edwards,1983-02-10,O,Punjab,Louisview,1329121277,d3f6425ce46def57ac6da7110b32f607a24f35c3,2022-05-26 20:18:14,CTR_86,none
SYN_AAD_019156,John Phelps,1941-12-08,M,Gujarat,Port Gina,3521356804,f5bd07207fb101b45db3e6c905ba456ac3cc291b,2024-06-24 16:23:16,CTR_58,none
SYN_AAD_006525,Krista Davis,1943-07-02,M,Delhi,North Alexander,2365199410,ead4724cd53d842ce8e5d6e32e9ae41c933690f5,2021-06-01 12:14:56,CTR_12,none
SYN_AAD_002774,Sandra Rivera,1935-06-11,F,Punjab,Williamsshire,6706625324,0d41d1f37329550de0567502fdee248ee1c8b991,2022-09-22 08:51:58,CTR_197,none
SYN_AAD_002386,Kathleen Andrade,1994-10-29,F,Uttar Pradesh,North Joshuaberg,3838065787,08eea98a67d6780f590e45b4ba03644a4cf56937,2022-12-07 22:58:17,CTR_162,none
SYN_AAD_018863,Francis Robinson,1967-11-13,M,Uttar Pradesh,Port Victoriahaven,9321334803,39bafd1ca2a906d391d3f1afc138dadceb978be5,2022-02-10 10:43:58,CTR_127,none
SYN_AAD_013095,Kevin Drake,1978-06-18,M,Karnataka,Lake Jackieshire,9378427010,bc331a9024b3a17bc2e9b68beccbe901633dc098,2024-09-12 19:16:02,CTR_168,none
SYN_AAD_000181,Thomas Harris,1947-05-23,M,Uttar Pradesh,Jennifermouth,0292185156,50f43a49d47b0f044751d68428bcc945dc991098,2021-10-17 16:23:54,CTR_57,none
SYN_AAD_005763,Morgan Kim,1995-12-09,O,Kerala,Grantside,3926442209,4a26372f925b58955ff9695321c91009db03b4fc,2023-05-05 09:47:51,CTR_119,none
SYN_AAD_001645,Tracy Walker,2006-08-08,O,Tamil Nadu,South Donaldland,5521570433,c958f4d9458c91a669fd104b2fbcb52e8121ee06,2020-08-23 17:21:18,CTR_32,none
SYN_AAD_014957,Jeffrey Barnes,1952-04-08,M,Rajasthan,Snyderfurt,8617932710,26a158a678bd3b1a66ae16a32988858a243bab63,2021-07-11 02:41:26,CTR_171,none
SYN_AAD_017404,Christopher Bennett,1939-11-03,O,Punjab,West Brookefort,6296201533,2f9c582d6dd14a34491ebf429a93ca62615b3ede,2023-01-11 09:42:24,CTR_82,none
SYN_AAD_014502,Brendan Long,2004-06-09,O,Kerala,Hernandezstad,6149731032,4da82cad142cfd94e5587c91aab59c8ff63518d5,2023-04-04 18:19:14,CTR_110,none
SYN_AAD_000417,James Rogers,1965-09-12,F,Karnataka,Lake Amyburgh,6527047743,61eb30c24b9d6c68211e058cfec444977bd63aaf,2021-06-16 04:29:43,CTR_191,duplicate_aadhaar_diff_name
SYN_AAD_015554,Gregg Weaver,1960-08-05,F,Gujarat,Port Paulhaven,8793741608,a32693ce3d80e9e45f089b228bc35cd526a7ea26,2021-11-20 20:19:09,CTR_193,none
SYN_AAD_008101,Peter Thompson,1952-05-19,O,Gujarat,Port James,6163294511,ed37810a617a8f7985b725b17cfb692649ebd45c,2022-12-25 20:51:03,CTR_197,none
SYN_AAD_017081,Sylvia Smith,2000-10-01,F,Tamil Nadu,Rodriguezberg,9991191485,9eaf389d543e0e21d2ee782945915d252d352f52,2025-07-01 22:58:08,CTR_71,none
SYN_AAD_016825,Amanda Hill,1949-03-17,M,Gujarat,Williamsmouth,0745054447,6be6e7b95589069205ed4a4c3bc687f4fb978fd3,2024-05-27 10:32:49,CTR_61,none
SYN_AAD_000936,William Ortiz,1941-10-13,F,West Bengal,South Jason,7850821486,179625efb510f4d164a24adf8596954e2e4e7a82,2022-04-10 15:18:33,CTR_139,duplicate_aadhaar_diff_name
SYN_AAD_015602,Christina Brown,1934-02-17,M,Karnataka,Williamsstad,4578610357,1b73748181fba15ba0f979266a959f591fb9f9e7,2024-09-02 05:14:42,CTR_60,none
SYN_AAD_005678,Hannah Martin,1964-11-01,O,Karnataka,West Anthonyton,9333346800,20c709a7fcee3b914c9c59d337b4b66c7642ac0e,2020-09-15 00:55:35,CTR_181,none
SYN_AAD_007010,Lee Hahn,1967-02-10,M,Uttar Pradesh,Woodardstad,4374896910,4680c60cad0ca4779091d9585a3bd5e3e34ce47a,2023-01-14 23:44:27,CTR_105,none
SYN_AAD_010842,Brian Brown,1967-04-06,O,Rajasthan,Michelleview,3283096520,3cd88f715458ca039aa356f56337ff1af10f3a6a,2024-01-28 18:54:18,CTR_107,none
SYN_AAD_002040,Andrew Erickson,2007-06-27,M,Uttar Pradesh,West Jessica,8758428241,feb12ab1f834ad6c238eca9cb8a969fd75b9d383,2025-05-22 14:14:46,CTR_100,none
SYN_AAD_000298,Collin Moody,1975-04-24,O,Delhi,East Michaelport,5549471709,ce42eb1c36f395a2c68f810249c8534a9400814d,2022-04-16 04:03:44,CTR_196,duplicate_aadhaar_diff_name
SYN_AAD_018864,Sharon James,1970-03-28,F,Rajasthan,Brownberg,3569725217,f809055f7ca32338cb47dabdd10ee70899e707f5,2020-09-03 09:17:20,CTR_2,none
SYN_AAD_011526,Daniel Ayala,1951-03-12,F,Uttar Pradesh,Gloverland,9666676008,10244024d1b4397b48e28b7bc2cdfbfc3658ddde,2025-02-24 14:34:26,CTR_108,none
SYN_AAD_015851,Michael Sims,1963-07-01,O,Kerala,Lake Natalie,2168942104,f2d5d77e77da0d7e6f83fb9365af3f91db6459d6,2023-07-05 08:38:22,CTR_155,none
SYN_AAD_007226,Michael Anderson,1996-05-05,F,Tamil Nadu,Karenburgh,0332309821,bee961dba7fe5e800c998e68854a0f23cdd86cfc,2022-10-23 10:50:53,CTR_70,none
SYN_AAD_014281,Lisa Wheeler,1936-02-28,F,Delhi,Lake Maryton,6761847230,44bccd95bc0ebb9fa418021eb034f9c14d35ef88,2022-12-06 12:46:49,CTR_100,none
SYN_AAD_011014,Mercedes Barnes,1943-11-29,O,Uttar Pradesh,West Danielville,3934835642,26847aff9b9783859d94895d61b945e5c13de26b,2024-09-21 02:43:35,CTR_186,none
SYN_AAD_019305,Aaron Powers,1944-08-29,F,Karnataka,Hernandezland,1437447012,440ab48271c679d47ba5559b9be0a1f2e3c24172,2023-04-18 06:57:24,CTR_160,none
SYN_AAD_017502,Brian York,1935-11-17,M,Uttar Pradesh,Port Devonburgh,5794155216,21169e55a15b4b09d4abce2cb59cd1a5534dcb11,2024-09-13 14:21:27,CTR_152,none
SYN_AAD_018493,Mariah Robles,1945-01-07,O,Delhi,Lake Jessica,1697972965,d4b699a7befbd974b3a38dcf8ab0eae9e4196fa6,2024-10-14 06:53:51,CTR_22,none
SYN_AAD_014044,Jason Williams,1965-03-27,M,Rajasthan,Alexanderhaven,5889163756,07779fb476a392b2ffadcc7ff58fb9ea3494900f,2021-12-20 07:10:41,CTR_47,none
SYN_AAD_001226,Julie Simpson,1952-02-22,F,Uttar Pradesh,Port Travisbury,4083866317,5857cdf0b92de59786331d730a354ca3eeb7c1f1,2024-11-15 09:24:33,CTR_84,none
SYN_AAD_006935,Bryan Jimenez,1932-01-19,F,West Bengal,South Robertside,1994883755,b5f61a9e2c2bc83b2f57f7ffbcc0a5b6da541d7e,2024-08-28 17:13:45,CTR_87,none
SYN_AAD_012423,Heidi Chavez,1942-11-22,F,Uttar Pradesh,North Matthew,8851027261,0b9714e4e0f401a353f737e67a15fdbc02b70851,2023-12-23 10:18:39,CTR_65,none
SYN_AAD_011155,William Kim,1975-08-16,F,Delhi,Port Robertshire,7798270808,c759844624c9c392b257181094767919dd0fbd9c,2022-02-21 06:59:47,CTR_192,duplicate_aadhaar_diff_name
SYN_AAD_017675,Carrie Ochoa,1943-09-22,M,West Bengal,Sandovalmouth,6934654722,3c88c9528a29286e67b16cf779a6d51ca85a1a55,2025-04-17 17:11:55,CTR_58,none
SYN_AAD_016207,Michelle Walls,1959-03-19,O,Delhi,East Claudia,5228851587,6128f58494511451bfb953053dbc14996e1a9ea8,2025-03-05 12:30:13,CTR_194,none
SYN_AAD_001016,Ryan Stokes,2000-10-10,M,Tamil Nadu,North Oscarton,3424420438,990f819480a2091d179130bb57f78e0ea89c8317,2025-05-31 11:00:20,CTR_6,none
SYN_AAD_002200,Natalie Hoffman,1961-12-19,M,Karnataka,Heatherton,6658004397,a4e437303d5209ec76e296c213ab70d4db815c65,2022-04-22 03:37:17,CTR_122,none
SYN_AAD_003748,Tracey Phillips,1953-10-11,O,Tamil Nadu,East Sydneyhaven,6064842294,a250aec2b39139164412f5575d8dc67f5de366ed,2021-12-13 16:58:28,CTR_120,none
SYN_AAD_008396,Timothy Carlson,1970-08-14,F,Karnataka,Tylerside,1583281826,a13eaf67a9e8c650bf25a17c75733ada4878eb74,2022-07-07 23:32:57,CTR_156,none
SYN_AAD_019898,Mary Rivera,1969-08-02,O,Maharashtra,Port Christine,8015739930,102c4a46332f5533c3c931a1de20f96a3d924be9,2025-03-25 04:50:19,CTR_200,none
SYN_AAD_005366,Allison Black,1980-08-30,F,Maharashtra,Tuckerport,5811288013,947e53bc6ab0c47f692d571cabc442eb61b64119,2024-05-02 23:30:17,CTR_149,none
SYN_AAD_000841,Teresa Burgess,1950-07-23,F,Punjab,South Jenniferton,1024819346,daf783b2a9a3f5668b47c0138469a7bed4c10690,2020-10-11 05:18:25,CTR_174,none
SYN_AAD_012298,Bryan Smith,1938-03-28,F,Tamil Nadu,Lake Melaniestad,4491476607,2033e58f0a2c469b25443954c685d6c5c085c68e,2023-12-17 12:20:37,CTR_20,none
SYN_AAD_019401,Sarah Phillips,1949-03-29,O,Tamil Nadu,Ericastad,8821009968,34e1adab586c249a63076baff384a966c0742984,2023-07-24 01:15:44,CTR_27,none
SYN_AAD_013203,John Reynolds,1949-01-07,O,Punjab,East Jeffrey,3129087814,f7ca05e0dd997280f95c791235392a09dbbd2ea5,2025-07-28 14:10:29,CTR_31,duplicate_aadhaar_diff_name
SYN_AAD_018544,Mr. Carl Rios,1943-04-01,M,West Bengal,Christineborough,7759492995,7ce337cc27d6213bfb834bffc71777341f6afb6d,2022-09-23 13:58:25,CTR_137,none
SYN_AAD_014037,Michelle Davidson,1967-04-15,O,West Bengal,Dennismouth,7754781291,a74a4b35305767b4eabe4773757b32aa97493946,2021-04-14 07:16:23,CTR_18,none
SYN_AAD_016579,Stephanie Atkinson,1933-11-16,O,West Bengal,Hammondborough,8488725639,c6633060b55aa653d5af2637426d618751871a30,2021-05-28 02:01:20,CTR_4,none
SYN_AAD_013764,Jonathan Bates,1952-03-15,F,Maharashtra,South Erik,7503731453,d6607271e1572218608e89971f0a1d6300d25eb0,2023-09-16 02:40:45,CTR_111,none
SYN_AAD_012813,Julie Williams,1935-01-23,O,Rajasthan,Dakotahaven,4989266591,169caaebaed7594b6970a9585ecc5ecdfce9cf31,2022-07-13 06:23:53,CTR_182,duplicate_aadhaar_diff_name
SYN_AAD_005013,Heather Parrish,1995-11-23,F,Karnataka,Eatontown,7231843222,f364029a9e0709d4a331a43b38adbfcefce47aee,2024-02-28 21:39:42,CTR_188,none
SYN_AAD_017096,Michelle Olson,1994-10-19,O,Gujarat,Clarkburgh,0302992280,f4b6cac627f4db9607e09946e545117bfba75601,2022-03-02 02:23:49,CTR_158,none
SYN_AAD_017634,Jennifer Costa,1932-03-01,F,Rajasthan,Staceyborough,9772369292,616275e4c5e83e276026e22dff2bd41e7c2deca2,2023-07-20 09:14:49,CTR_112,none
SYN_AAD_019414,Linda Jones,1981-02-07,F,West Bengal,Andersontown,8862912799,346d0134da882c8142ae2f1b4393ddb6a44732f2,2021-06-05 06:34:20,CTR_63,none
SYN_AAD_002839,Mr. Larry Carey,1988-05-10,F,Rajasthan,Woodton,3765991624,c7b7e1f62d97c45dae2760ed1d2081265ed89e10,2025-04-05 01:20:55,CTR_63,none
SYN_AAD_015227,Colin Fletcher,1930-08-07,O,Punjab,New Adrianborough,6512694486,36f5ab187b56146282ee9183856845585e8d6a12,2024-01-06 14:09:14,CTR_172,none
SYN_AAD_012418,Jennifer Bowers,1995-04-18,F,Delhi,West Angie,4495621372,8bb47dfb21f3eefa745d5893ceaae6d6b6655e00,2023-07-07 05:34:46,CTR_127,none
SYN_AAD_008273,Charles Davis,1936-09-18,M,Rajasthan,South Tamara,1279611435,beb4d733b11a46acdef50b579cffa388af5ea593,2024-01-16 12:04:15,CTR_55,duplicate_aadhaar_diff_name
SYN_AAD_011626,Kelly Dawson,1937-06-14,F,West Bengal,Lake Troy,3843098839,68967d53b4c9bc6a19d06a2a04e2c964f6ec77b4,2020-08-20 15:14:43,CTR_72,none
SYN_AAD_007555,Sean Spears,1983-12-29,O,Gujarat,Elizabethfurt,8011848955,995b2aabee785e0fe4505bcb542402ce13a027ae,2024-07-02 15:06:51,CTR_143,duplicate_aadhaar_diff_name
SYN_AAD_000332,Laura Green,1985-01-15,O,Tamil Nadu,New Charlesport,1848947697,76ba80fdb4502bc6e32ac1cf1968795025a0ac70,2025-08-16 22:46:53,CTR_22,none
SYN_AAD_000166,Karen Scott,1981-09-17,O,Uttar Pradesh,Lake Jacqueline,6588043416,49e55f5f60bf7cbba9707bd412178a7bfa3d5162,2024-09-08 08:22:31,CTR_126,none
SYN_AAD_018192,Daniel Berry,1954-07-05,M,Rajasthan,South Jillian,3433339521,c17440efa4cb41ea71af4f303c444583e0455852,2025-03-29 01:02:56,CTR_166,none
SYN_AAD_016083,Sarah Watson,1972-07-23,F,Delhi,Villanuevashire,7284639208,e643401ee974953bfdbb4c7542d39b7e6d696fa7,2023-08-03 17:34:01,CTR_24,none
SYN_AAD_009641,Michael Thompson,1946-01-05,M,Uttar Pradesh,Stewarttown,3691559428,2531c492c66c7ebe8fd2690ad64fb2b1f8ecb508,2023-07-21 16:57:05,CTR_178,none
SYN_AAD_007972,Jonathan Clark,1980-04-20,F,Punjab,Melissaview,2929314386,f1b9916f7dfeda72f676b42be684cca80d3a58cd,2021-11-27 08:56:11,CTR_95,none
SYN_AAD_015507,Adam Fisher,1947-12-07,O,Kerala,Kristenport,8906120347,b497c2341b183359febb1845c20a0eea38c0c12d,2023-09-13 04:13:51,CTR_89,none
SYN_AAD_013942,Tara Scott,1932-05-01,O,Kerala,Martinezborough,4558771694,130a47efe6f48f035d042fbfac56f5bdb50029a2,2023-07-03 23:19:15,CTR_85,none
SYN_AAD_011528,Logan Sullivan,1939-05-05,O,Rajasthan,East Matthewmouth,4496475987,7fbb454546822d1ad8a50baf538b45888fe42e8f,2021-09-12 05:28:35,CTR_70,none
SYN_AAD_010047,Mary Shepard,1940-07-12,F,Tamil Nadu,East Randy,1780068114,354017552e39c23284fb94a14f64102b8097b0cd,2023-12-13 22:51:54,CTR_31,none
SYN_AAD_015850,David Mitchell,1946-11-01,F,Maharashtra,New Mary,0557784872,9064e934cfc690c92e5c42808bd2ae669e6475e4,2025-06-06 23:33:22,CTR_191,none
SYN_AAD_017559,Mark Ferguson,1976-11-17,O,Karnataka,Fernandezland,4564240082,ac886aa5b133afc2276da338777aad4f73b46603,2024-10-26 02:54:26,CTR_50,none
SYN_AAD_002056,Miranda Smith,1988-03-19,O,Rajasthan,Carlatown,3686632663,62f09e13f335dad9de47b8f4e0edb8df8686259e,2025-01-10 19:03:47,CTR_71,duplicate_aadhaar_diff_name
SYN_AAD_019319,Susan Aguirre,1966-08-19,O,Punjab,Deborahside,6312241797,07364b10bf91cc259b545fe43abbe9cce8647df5,2020-10-19 00:03:02,CTR_73,none
SYN_AAD_003294,Wayne Johnson,1943-07-21,M,Gujarat,Josephmouth,3120735647,58e4eb67821e242c36b7ced2c9856380e6978d18,2021-11-16 14:55:23,CTR_59,none
SYN_AAD_011391,Mark Thomas,1993-08-14,M,Gujarat,East Paula,6013673037,8ff56c36823ef8130f0b5ab1fa62a2627e30420e,2023-04-16 10:23:09,CTR_4,duplicate_aadhaar_diff_name
SYN_AAD_017502,Caitlin Chandler,2004-06-05,M,Gujarat,West Timothyport,5031365024,7129362d8e96f9c2907f551d2ea3025375201bb0,2020-09-16 11:40:58,CTR_12,none
SYN_AAD_001786,Lauren Vazquez,1950-09-22,O,Gujarat,Kellibury,7195005281,92bc1008c3a2f2fdfb45ec6cd882eab3e6a0bfba,2025-05-20 11:27:04,CTR_179,none
SYN_AAD_004137,Nicole Trujillo,1989-05-04,O,Rajasthan,North Hannah,2407784873,7c09e4b6ed287165efc257b96036f0b19a66bb21,2024-08-13 23:52:00,CTR_27,none
SYN_AAD_000401,Ronald Rocha,2005-02-06,O,Gujarat,North Amanda,4485708620,154662b2479f9d45de406892738be781591129ad,2021-03-04 12:55:43,CTR_121,none
SYN_AAD_015686,Kimberly Hughes,2000-12-15,F,West Bengal,Cannonberg,5651181022,ade15dd4f8d4cc3e9ef3f719c0562b18805384f5,2021-06-22 13:25:34,CTR_48,none
SYN_AAD_009908,James Massey,1996-04-22,F,Rajasthan,Brandonbury,0371705865,382cc9b1deb2d0562001ac5dedf9b17ac2a6012c,2021-03-26 10:20:39,CTR_30,duplicate_aadhaar_diff_name
SYN_AAD_015776,Shannon Garcia,2000-05-01,F,Rajasthan,North Jessicaside,3383928861,c9091093ce6b7843429f6994ef879e42eeaef4e2,2024-04-07 14:50:39,CTR_19,duplicate_aadhaar_diff_name
SYN_AAD_018907,Carol White,1984-04-13,O,Delhi,Dianeside,5585566593,159c738b0ef14e1d775fb0cbd165402be7044337,2025-04-25 06:35:46,CTR_39,none
SYN_AAD_017265,Dawn Nixon,1990-07-15,O,Gujarat,Smithton,9082404335,dbf7757353bb26765544bac74961fe82d2e2ca60,2025-06-27 17:55:49,CTR_22,none
SYN_AAD_008132,Brittney Johnson,1978-01-13,M,Kerala,East Joseph,3441969315,4e115aeab96bd5753dd03b8f86bbb057c6b8fbff,2025-07-15 00:49:52,CTR_196,none
SYN_AAD_013637,Anna May,1934-09-19,O,Punjab,Millerton,5661390604,9242d877a736ba833904e4740b945950f475f19a,2021-11-27 11:19:10,CTR_159,none
SYN_AAD_007395,Michael Hernandez,1983-02-07,O,Uttar Pradesh,Mullinsshire,3646225179,8cbef86fd967a93149a2c92c26aa242accbb3872,2024-01-09 22:09:17,CTR_116,none
SYN_AAD_014507,Patricia Anderson,1947-12-27,F,Punjab,Hansenfort,9389833146,579294992640b5d466d80ac1ca8e1999ea5c42de,2024-02-25 16:44:17,CTR_110,none
SYN_AAD_010006,Gregory Flores,1932-12-04,O,Punjab,Garystad,9270335211,043d5ac5f541784807c36eac81057dae91423e75,2023-01-30 13:10:48,CTR_16,none
SYN_AAD_019976,Michael Rodriguez,1990-11-19,O,Maharashtra,Johnsonborough,3884879206,f9942dceb68a436b0528fdf072a3d8c0a1ceb16d,2021-02-22 11:57:18,CTR_196,none
SYN_AAD_006808,Richard Williamson,1936-11-08,O,Tamil Nadu,Penatown,6451046368,f12217d71a265ddc407511c364240cc8220330db,2025-02-26 05:51:35,CTR_68,none
SYN_AAD_001012,Jennifer Townsend,2005-12-09,M,Tamil Nadu,North Johnhaven,5762055543,270da08c9830263a85139864887b884edb5a10ea,2023-12-05 15:21:22,CTR_45,duplicate_aadhaar_diff_name
SYN_AAD_016738,Daniel Herman,2005-02-27,M,Karnataka,Jeremiahmouth,2168936392,fdf734a4eae9affd180e211382c8239053fb0410,2025-03-31 09:42:15,CTR_1,duplicate_aadhaar_diff_name
SYN_AAD_010567,Matthew Carpenter,1957-03-01,F,Punjab,West Haley,6292518812,65758afac6c5f0628887a9c8ceacb29a019b9fd8,2024-02-27 02:53:46,CTR_121,none
SYN_AAD_009543,Elizabeth Reese,1966-11-23,M,Tamil Nadu,Port Jacob,2099499939,5c0b289179f2fb5c0d72347fe1e0535fb688c26a,2024-09-08 11:51:44,CTR_74,none
SYN_AAD_004514,Jennifer Gregory,1980-07-11,O,Rajasthan,Port Paul,2233060463,f7a29cb9a6345a0d2f4689d62dc94415e4b13523,2024-05-15 13:18:13,CTR_19,duplicate_aadhaar_diff_name
SYN_AAD_007648,Katherine Nguyen,1991-11-26,F,Punjab,South Richard,9656999880,f26aa0fc82d44af215b590504cf6e8b090387449,2020-12-29 12:35:05,CTR_170,none
SYN_AAD_006482,Danielle Medina,1934-12-22,F,Maharashtra,Blackton,4764472649,8756e4134f93d1558f9103dbcca375a92f8c5375,2024-06-23 02:52:33,CTR_140,none
SYN_AAD_007366,Jonathan White,2003-12-31,O,Karnataka,South Robert,0279371452,03227edfbdba237b32abdc2ef3a18f6b5d6c569c,2023-09-21 08:50:45,CTR_69,none
SYN_AAD_011532,Michael Acosta,1999-04-09,M,Delhi,South Andrea,2592222064,db77b8fc4488cdf16853cf8e9cf8bd5d5199cb3d,2021-08-19 23:17:04,CTR_43,none
SYN_AAD_003306,Matthew Brown,1964-01-30,O,Punjab,South Tylerfort,9733977671,088ce6f066518ebff2aadcffe5f6e5fd1ad555f9,2025-04-16 06:34:24,CTR_74,duplicate_aadhaar_diff_name
SYN_AAD_014390,Mark Wilkins,1957-11-21,M,Rajasthan,East Eddiestad,2099451016,b10e7eb3f3a86619d538bfff71b34664bcd95fc2,2025-07-02 18:18:27,CTR_177,none
SYN_AAD_017855,Cassandra Gibson,1978-08-27,O,Uttar Pradesh,North Kaylamouth,6168147214,fec5c700f4ed94a465021ffa5782faa5a2bb3f5d,2022-05-31 05:47:45,CTR_70,none
SYN_AAD_016399,Ashley Blair,2001-08-15,O,Rajasthan,South Jenniferport,9548995299,c3884ba3c1e4d53d914823ff7bde3bac1646124c,2022-03-01 16:40:49,CTR_113,none
SYN_AAD_009287,Mark Davis,1955-12-22,O,Delhi,North Andrewville,9660558303,0c818a6ea27e4c828aee6dd4274db3d81423ed32,2024-12-10 23:20:31,CTR_111,duplicate_aadhaar_diff_name
SYN_AAD_010561,Pamela Wilson,1974-12-28,O,Gujarat,Randyshire,2355770272,61d9edc2d2c143759002a5e05891af8a178b8ebc,2024-02-26 20:24:08,CTR_7,none
SYN_AAD_004849,Amy Meyer,2006-07-09,M,Punjab,Angelatown,9551240568,443c19019075959fa87abb0adc1c4dac959af7d3,2021-08-17 18:23:32,CTR_151,none
SYN_AAD_000679,Nicole Thornton,1972-06-07,O,Gujarat,West Robertfort,5743842150,ef12a0324ad2e1f00712da0e739c454bd1f11e4a,2024-09-27 07:48:03,CTR_148,none
SYN_AAD_017288,Brittany Peterson,1995-06-07,M,Rajasthan,Kimberlyberg,8230768104,602ebe7bd7059bcf2c64382bc2c83ab55f698830,2021-01-10 02:15:21,CTR_133,none
SYN_AAD_005046,Ralph Reese,1932-09-09,F,Karnataka,Danielleborough,3344857142,e17e1901108a0b5bad0603c7c331d74ed25d28f5,2025-05-24 10:32:47,CTR_150,none
SYN_AAD_014283,Christine Bell,1972-12-22,O,Rajasthan,Donaldport,2149587020,4aaed6d8860aa254644498420a5b07dc0c5c6e58,2021-05-14 07:21:59,CTR_24,none
SYN_AAD_015401,Christopher Carlson,1990-04-23,F,Uttar Pradesh,Larryborough,7921717477,a2930bca3217a0baad050ee4cd18fe0c569a0d73,2022-10-30 11:38:00,CTR_86,none
SYN_AAD_010520,Jenna Lyons,1974-08-03,O,Maharashtra,Shawntown,7157724599,5202874c6aef95878f4a62385adbee3c2832f96e,2021-07-18 02:55:43,CTR_42,none
SYN_AAD_008932,Matthew Sparks,2002-02-19,F,Rajasthan,Moraleschester,9382761539,9a6139cf60dfc348a92c0a37f512ffcfbaa5ed26,2025-04-07 12:41:31,CTR_74,none
SYN_AAD_013122,Carrie Caldwell,1995-11-11,O,Delhi,New Caitlinmouth,7246191965,5c3c239d2c9d6536192163c375004bf619e7fa6b,2021-10-25 08:12:27,CTR_117,none
SYN_AAD_014480,Stephanie Fields,1929-08-28,F,Gujarat,Lake Edward,6997335494,0b5416a20bc2fe8f9b4cec78dce91d3e2a8cac0a,2024-12-22 13:47:16,CTR_83,none
SYN_AAD_019029,Cameron Phillips,1979-11-19,F,Kerala,North Jacquelinestad,4036965666,41472441f26dd1d527dca29f5f3ca16bcd2dc247,2024-09-03 02:48:15,CTR_1,none
SYN_AAD_017779,Justin Bridges,1978-09-01,F,Uttar Pradesh,Mooreberg,0102762126,48e5464e70676a99c44a96a4538a0e9bc536c542,2024-07-01 11:55:26,CTR_14,none
SYN_AAD_006146,Kristen Cole,1977-12-27,O,West Bengal,East Roger,9738468950,12d22052230b6c940d3b32d54cbeea972d58318e,2021-08-06 07:58:18,CTR_160,none
SYN_AAD_016334,Tonya Miller,2001-04-10,O,Rajasthan,Stevenland,3718949058,764c3d1a822512b4adf072d59f38711b78d78abd,2024-08-16 14:19:41,CTR_195,none
SYN_AAD_001691,Erin Gomez,1969-09-23,M,Gujarat,Garyport,0792904904,0cca9f1243a82d7e23477f68a932bf7eec4a9a36,2022-12-30 23:43:58,CTR_141,none
SYN_AAD_004293,Luis Hill,1964-08-08,F,Rajasthan,Lake Danielburgh,7524372805,b2378f9396a9109c6f124a9c2522e547b560c2bb,2021-12-11 16:06:15,CTR_179,none
SYN_AAD_015883,Nicole Gutierrez,1981-10-12,M,Delhi,Lake Scott,3950410276,9179a85e4cba8b2cc402fb05dc73efab4ddf6cbc,2025-03-01 05:27:22,CTR_162,none
SYN_AAD_019951,Michael Price,1965-05-17,M,Karnataka,New Monica,4765801856,a7beb73352cc5b5a5036f7c28e2798272afc6548,2021-06-21 01:52:24,CTR_80,none
SYN_AAD_018049,Kevin Murray,1962-07-16,M,Kerala,New Matthew,5800106181,4482d9332e7e4f46ae67fde37e91ae1ef68283c4,2022-10-11 08:33:37,CTR_105,none
SYN_AAD_003054,Alexander Davis,1959-02-21,M,Maharashtra,Lake Susanland,6921244717,e951341f2c1b3a45bc949ae9771da814d3dafb65,2021-04-06 15:26:45,CTR_119,none
SYN_AAD_003849,Antonio Price,1937-10-21,O,Karnataka,Stephanieview,7173962712,bea3448f3a600be03fde906c43e7138f282a74f7,2021-07-15 20:22:38,CTR_128,none
SYN_AAD_016059,Michelle Garcia,1939-07-22,O,Gujarat,New Jessicamouth,7200642569,c3870a1f4652fd993e64bd4fc8a468f0936bb0bf,2024-01-26 15:44:33,CTR_107,none
SYN_AAD_015810,Priscilla Floyd,2003-02-21,F,Tamil Nadu,North Patrick,1985546015,a3a85bfd17c3c9d16b9b9621c5d66a9b36e98517,2023-02-06 14:42:37,CTR_117,none
SYN_AAD_008110,Cassandra Williams,1981-11-30,M,Uttar Pradesh,West Heather,5717320309,797e04e8a54bdcaff2c0911d55c97a6cc0a4d745,2025-03-26 04:18:24,CTR_49,none
SYN_AAD_019640,Kathryn Hanna,1990-10-13,O,Karnataka,North Matthewmouth,6138782931,d84d62032f00ca34043aa1b4871759c1c81e3810,2024-08-22 18:30:26,CTR_18,none
SYN_AAD_009052,Lisa Sanchez,1947-05-26,F,West Bengal,East Cynthiaport,7929111799,029ae15c2f8e66726e37697ec4b626135c643495,2024-01-20 17:45:34,CTR_130,none
SYN_AAD_008754,William Johnston,1948-04-27,M,Gujarat,Maryborough,9251142625,e679a667c32da2f7b9c2a39ed8fc83049a4b6a4d,2025-08-01 21:49:55,CTR_186,none
SYN_AAD_009783,Brett Boone,1980-10-27,O,Punjab,North Nichole,0021946723,d86c308eec2aa070ae015a3e39d9a98d21dab41e,2022-09-02 01:52:40,CTR_169,none
SYN_AAD_016044,Lisa Johnson,1954-02-16,M,Rajasthan,Salazarland,5608331819,e4212a77a5b34f986abe06d0799d4d71809e3c8b,2022-05-28 07:32:05,CTR_138,none
SYN_AAD_015870,Cory Hogan,1994-03-14,F,West Bengal,Thompsonton,5436459701,369a93dfffc1a812ef6b090d52aa00410257e193,2020-11-18 01:05:06,CTR_142,none
SYN_AAD_000032,Mr. Steven Griffith,1973-12-30,F,Rajasthan,Gonzalezmouth,1531363631,54e973e3268c12e24b3da2d6a364952a213cf139,2024-05-04 22:16:47,CTR_83,none
SYN_AAD_006181,Timothy Gibson,1982-05-07,O,Tamil Nadu,Derekborough,4352090421,b8682691222c85295762ea7928374b3390f57a09,2023-07-23 04:42:32,CTR_147,none
SYN_AAD_012549,Edward Moore,1952-10-04,M,Uttar Pradesh,North Robert,3977406335,0c4f8913e6eb49b7979beca82a21bede05239bfc,2021-11-25 13:48:39,CTR_12,none
SYN_AAD_016968,Stephanie Butler,1935-08-26,O,Rajasthan,South Jessicahaven,6867177318,56fde60df00965cbe3dd5e3d15b3e150610d7b49,2023-02-24 17:33:28,CTR_181,none
SYN_AAD_011716,Zachary Smith,1971-02-13,F,Karnataka,Lake Stephen,7726257016,d8b88095e661031d681c2af5bf1dbf2ae064d5f3,2022-12-05 22:46:44,CTR_127,none
SYN_AAD_001213,Lisa Johnston,1957-10-28,M,Kerala,New Nicoleton,0165790552,5a6ef82322be6481828db6c53e26df60916fa1c4,2022-05-17 18:18:08,CTR_152,none
SYN_AAD_010878,George Fernandez,1994-10-03,M,Rajasthan,Port Julie,5548640155,73574646800cbe47d7db17a42cf7d3354a08e547,2021-09-04 23:42:13,CTR_26,none
SYN_AAD_014207,Joseph Bryan,1969-05-29,F,Delhi,Oliverland,7116241124,45765ee93f5ab1f39804f697a86d78b7a27ac70a,2022-05-16 08:16:05,CTR_185,none
SYN_AAD_004723,Lori Carter,2003-04-27,F,Karnataka,South Michael,0431038569,6727bdf11b5d44ebaf98faba41f21d846fae326e,2025-02-21 21:53:03,CTR_20,none
SYN_AAD_015384,Jill Torres,1947-08-04,F,West Bengal,Georgeview,7540254729,33d7e494f1bd7520054e7336e04fafd929892fa1,2022-02-15 13:33:55,CTR_160,none
SYN_AAD_017910,Melissa Estrada,1950-07-09,O,Maharashtra,East Daryl,9274523805,d5e8c481c8fd59169c6c3363345139716ada6cda,2022-01-06 21:58:53,CTR_85,none
SYN_AAD_003163,Barbara Johnson,1997-08-08,F,West Bengal,South Sarah,0885474929,78422bc08dc577f35e19b9c1aa76332d860bf03f,2020-12-22 06:28:29,CTR_161,none
SYN_AAD_015989,Juan Parker,1984-04-17,O,Delhi,South Michael,0939834301,3309c749642ce2eb669abda78cac904bbd3324dd,2023-12-28 04:10:52,CTR_159,none
SYN_AAD_002242,Evan Jacobs,1937-04-05,M,Gujarat,Raymondchester,6504554781,9ce8b392a525d356bc55b0c4052d51bc21c81dde,2023-02-02 11:56:14,CTR_59,none
SYN_AAD_002961,Nicholas Hurst,1986-01-01,F,Maharashtra,Port Brenda,2347851961,c32d7983c8a2003b477594f1f67a1595207554d9,2025-05-12 14:18:33,CTR_195,none
SYN_AAD_000171,Keith Melendez,1956-10-01,F,Karnataka,Port Patrick,0494787300,f35a12203c45ef865f59845d0533c19575369bd9,2024-08-26 21:02:55,CTR_178,none
SYN_AAD_009812,Maxwell Roberts,1954-01-16,M,Delhi,Knoxbury,1471959796,f16a65fae898ee3f6875612444ccd4684b289175,2025-07-12 00:35:40,CTR_84,none
SYN_AAD_001838,David Perkins,1949-07-09,F,West Bengal,Stevenberg,2045650448,9b6922fd0d058dbfe1eea47f30cb77f8a4fd3eef,2022-03-12 01:44:55,CTR_96,none
SYN_AAD_014112,Linda Jackson,1973-07-15,M,Tamil Nadu,Margaretport,5189520284,72bcdbec18bad9ba7e3c7e28488e1ae4f9d26389,2022-01-08 06:09:33,CTR_136,none
SYN_AAD_004922,Eric Schwartz,1955-04-11,O,Karnataka,South Stevenland,2075452798,2a5698ff131ee06253bf1aa98703bcd7ee2b2941,2021-08-23 05:03:00,CTR_44,duplicate_aadhaar_diff_name
SYN_AAD_005736,Scott Thomas,1960-06-20,M,Punjab,Davidberg,6110760310,9057df02333d33966d9b9e8f42609d0db2c66069,2022-10-14 19:48:09,CTR_98,none
SYN_AAD_006138,Eric Smith,1942-10-07,F,Punjab,New Jamieborough,5012495528,dae9dcbc38cae2e6730e9da2d3436cfa4acf4f4c,2021-06-23 15:40:49,CTR_37,none
SYN_AAD_007608,Pamela Rice,1955-09-13,F,Gujarat,Georgeside,1387592712,08b166c848cc21869bc099833e24879f4735d276,2022-07-27 17:29:49,CTR_118,none
SYN_AAD_008366,Philip Edwards,1993-01-15,O,Delhi,New Derekstad,8015716479,2de95e44cf917e157d32797773e618ab80ad241c,2023-02-08 13:44:06,CTR_120,none
SYN_AAD_009425,Mrs. Shannon Jacobson,1994-05-16,O,Kerala,Harryfort,6781126691,31c7933b00fafb4d9b7e5fe5d8148a3158bbe521,2023-07-07 20:01:51,CTR_41,none
SYN_AAD_017306,Jonathan Stewart,1961-04-29,F,West Bengal,Hardyview,6579678427,fb40f66f579a966e0e0568e59a63a7bc1ae372fd,2022-08-06 21:08:43,CTR_151,duplicate_aadhaar_diff_name
SYN_AAD_009802,Brandy Garcia,1936-10-28,O,Uttar Pradesh,South Erikaburgh,9524991187,833d5cd9cb5815b95a3ea97232686cef436e62d0,2024-10-20 21:32:28,CTR_177,none
SYN_AAD_008195,Kimberly Pacheco,2003-03-13,F,Gujarat,Port Anthonychester,6756770028,cd27381775b730c50229715b3750b39747015291,2023-04-17 12:30:25,CTR_51,none
SYN_AAD_013847,Laura Ramirez,1996-05-24,F,Maharashtra,Alvarezburgh,6479695450,3b4830a5aa58a61d44715a0967838398484b1ed5,2023-10-02 03:20:30,CTR_61,duplicate_aadhaar_diff_name
SYN_AAD_010856,Patrick Johnson,1976-01-28,O,West Bengal,Davisstad,6503334911,bea5f88ebd01a2aa88ff233fd7b57f7c47f747bf,2025-03-19 13:05:32,CTR_148,none
SYN_AAD_002358,Tammy Wade,2006-12-10,O,Gujarat,Adamsfort,5696591713,7c5f608066f1d4d7a03e75b285cb55eba0b8d6b8,2023-07-10 15:43:11,CTR_6,duplicate_aadhaar_diff_name
SYN_AAD_012969,Elijah Montes,1957-02-02,F,Delhi,Reidland,4404963919,5a228d5b79e6521ef4535fdb8445ec74f6e62fb5,2025-06-14 13:46:47,CTR_145,none
SYN_AAD_001607,Karen Clark,1940-01-24,O,Rajasthan,Williamport,8536649878,326e798f9eb2d5d893bc9497681184d1a3f91006,2025-07-16 22:22:43,CTR_74,none
SYN_AAD_008644,John Brown,2002-02-18,O,West Bengal,Michaelton,5723246651,071c47105fe1455d2db585025f9dc95ff33bff21,2021-12-31 15:51:32,CTR_57,duplicate_aadhaar_diff_name
SYN_AAD_006230,Kyle Sullivan,1945-02-01,O,Gujarat,East Anthony,7786603242,769209ed0d915aec4a95723f14a3fd8d7bb02e94,2022-02-17 12:14:03,CTR_174,none
SYN_AAD_004481,Amanda Sharp,1932-05-04,O,Maharashtra,Port Peggymouth,1651623198,3309d657cfa719f9d27df713cdbc837e66ec6d8a,2025-02-06 16:03:35,CTR_161,none
SYN_AAD_001291,Stephen Young,1946-04-10,F,Rajasthan,Markshire,3632123476,0bfb0af63c1af68c2c563a0bbbc37473dcf070b8,2023-10-27 21:51:12,CTR_9,none
SYN_AAD_012374,Ashley Gardner,1994-04-05,F,Karnataka,West Natasha,5754090034,a117870db2a68ce976d5f25e6dfd8604bf792e64,2023-09-21 02:15:42,CTR_24,none
SYN_AAD_009670,Melinda Nichols,1961-10-20,F,Uttar Pradesh,Pricefurt,4134327560,e768917d593b1df60da995b00fb90680f0d1bdb6,2024-02-23 18:27:09,CTR_45,none
SYN_AAD_006579,Faith Henderson,1943-04-18,M,Kerala,Lake Jose,5698570027,7b7100762d5666611fc54fd9a6fbff8d83708063,2023-03-27 01:06:02,CTR_94,none
SYN_AAD_017394,Bradley Moore,1999-11-28,O,Gujarat,Port Brooke,5772429543,4c63a5b7e2d3d5306601ccafbb8a849c65d85b72,2023-11-05 00:50:43,CTR_43,none
SYN_AAD_008420,Stacey Walker,1932-10-03,F,Gujarat,North Terri,4206969421,b1b92dade274afd4c40c4064cb6f7e7f80f2e32c,2025-02-08 11:07:33,CTR_192,none
SYN_AAD_017881,Phillip Phillips,1996-11-19,M,Rajasthan,East Jenniferborough,4762639343,917651382e937d6282f2c7a0ed533c5d1a91f781,2020-11-17 03:18:15,CTR_20,duplicate_aadhaar_diff_name
SYN_AAD_018945,Allison Williams,1963-06-05,M,Uttar Pradesh,Brandimouth,0725636694,2f997787026df08b6b49e417fa4525e4379abfe2,2023-06-19 21:51:17,CTR_143,duplicate_aadhaar_diff_name
SYN_AAD_011985,Kaitlin Gomez,1935-10-29,M,Uttar Pradesh,West Williamfurt,6528092428,215e91039e9bbb6bacb4b5b18802dac506aebdd5,2023-05-02 14:43:27,CTR_4,none
SYN_AAD_008665,Jessica Green,1972-04-07,O,Maharashtra,East Victorview,6449485625,97017edbe1c7ba6ef96ed2bff3791f1f6068622f,2024-05-17 17:49:38,CTR_117,none
SYN_AAD_008237,Charles Hall,1934-07-06,O,Gujarat,Greenmouth,1707587771,489b98aa98ee492a1e384f895bdc04f8053f5657,2023-01-19 11:04:59,CTR_150,none
SYN_AAD_012485,Christopher Hicks,1966-10-04,O,West Bengal,New Whitney,8926137150,a142ab4d01c84526829447dc0d30aa3e3c36b649,2021-07-15 06:58:17,CTR_28,none
SYN_AAD_007661,Brittany Miller,1994-12-09,F,Delhi,Fullerview,5097592304,8c1de60ee323180d7355bac9e29e290bcb0b062f,2023-11-17 16:23:39,CTR_159,none
SYN_AAD_018396,David Allen,1983-12-04,F,Punjab,North Melissaburgh,6421476492,8bcfdc85dfe2bf4f02ab07b777a34e5795028e5d,2024-10-18 22:45:52,CTR_57,none
SYN_AAD_002071,James Adams,1987-03-18,O,Rajasthan,Port Robertostad,6610857327,fec7c50604c2c9c8626d04d132f8d4a0afad89fc,2024-05-09 13:24:59,CTR_180,none
SYN_AAD_009902,Robert Evans,1947-01-09,O,Uttar Pradesh,Mckenziehaven,4908108186,edcc82724c62db38a72e16e9496cb93b2fc422a2,2025-06-20 22:37:56,CTR_30,none
SYN_AAD_004580,Heather Richards,1998-02-24,M,Delhi,North Joymouth,2601645977,c9a9353de74951ebbf6b75b238fb926a7fcb1aad,2022-03-24 07:51:09,CTR_78,none
SYN_AAD_016142,Blake Hendrix,1964-12-03,M,Maharashtra,South Amandatown,1027769749,06aacbecfc8f27f0b245b050b72d12a0238b4191,2021-05-19 00:22:27,CTR_61,none
SYN_AAD_017614,Adrian Rodriguez,1931-10-17,M,Uttar Pradesh,Port Anthony,2368314727,c4042048591f8535ff0a673e3f815b678bb51162,2021-12-06 07:15:02,CTR_117,none
SYN_AAD_016574,Jill Washington,1932-04-20,O,Kerala,Richardsborough,9605016679,06ffa1888d44cab0793d55380d17e9fdc01efc53,2024-01-13 12:09:13,CTR_108,none
SYN_AAD_019245,Mr. Logan Gregory,1996-01-13,O,Karnataka,Lake Bruce,6958146717,eb11535ca1acb0de7fff6677ca1eeabb25894bfb,2020-10-23 09:18:07,CTR_107,none
SYN_AAD_003244,Nicholas Harrison,1989-04-04,F,Punjab,New Jeffrey,9724665729,43955e53060e7c657b136e2fe87b128627cfa8b0,2021-09-24 19:57:43,CTR_105,none
SYN_AAD_009166,Christopher Vasquez,1986-03-31,M,West Bengal,Torresborough,0545228015,8c9126b8a771b6efe3e8833ed7593183d74055cf,2025-05-31 18:11:56,CTR_56,none
SYN_AAD_014528,David Peterson,1977-12-24,F,Tamil Nadu,Port Natalieview,8910771199,3a5a83dde5e1899070206742a2a284592a5f8297,2022-01-20 17:41:59,CTR_93,none
SYN_AAD_003255,Shelby Bartlett,1951-01-02,O,West Bengal,Jeanhaven,1255213760,3ec6155b3d53aee45707e04e62dd6656e79bcb66,2022-02-02 20:01:49,CTR_140,none
SYN_AAD_011753,Jaime Fischer,1978-09-18,M,Uttar Pradesh,East Karen,3266678507,5f7ab437f0ea7c61390681175fa3082e41c6d003,2021-05-10 03:20:48,CTR_71,none
SYN_AAD_006219,James Barton,1988-09-15,M,Rajasthan,South Katherineberg,8466845504,da7285fd8129f7a276991d43cab3b1e74b8334d4,2024-06-06 00:05:30,CTR_24,none
SYN_AAD_006950,Stacy Weber,1989-10-22,O,Punjab,Pamfurt,4108562884,0bc159e5e7c4d0a27cb6b0a79cef54977c651051,2025-01-25 11:26:41,CTR_6,none
SYN_AAD_001657,Mark Johnson,2003-02-12,F,Tamil Nadu,Johnport,8105485101,006fa5c582aa100bfd470beb847777f215a95703,2024-06-27 14:55:34,CTR_33,none
SYN_AAD_018500,David Reese,2006-08-10,M,Maharashtra,West Kevin,6831589357,55eec261e38273cd246a1241bfa94ffdd1539a52,2021-05-01 08:14:55,CTR_196,none
SYN_AAD_018160,Jeffery Anderson,1958-11-11,M,Punjab,Millerhaven,9886497677,0350ca1c686481019ea5f69c9aef2f13e22e266a,2024-10-03 20:28:43,CTR_56,none
SYN_AAD_007634,Beverly Bush,2001-08-24,F,Karnataka,Lake Jasonfort,2851961159,39df31dc21815083aee1216fb94e0c86000e56f5,2023-10-17 20:26:18,CTR_153,none
SYN_AAD_013006,John Young,1933-06-09,F,Karnataka,East Kristen,0443270185,2dcae02c1ea5064ce9e32b71a1b648abf34a0195,2023-04-08 22:52:14,CTR_34,duplicate_aadhaar_diff_name
SYN_AAD_015019,Jessica Coleman,1994-04-23,F,Karnataka,Port Dillon,7725199663,f2316dfa6aa2a669f51a8501293d6f8ca50bd517,2024-05-27 09:28:21,CTR_29,duplicate_aadhaar_diff_name
SYN_AAD_008238,Douglas Meyers,1933-01-03,M,Delhi,Annville,3989098378,36164f7bbab4e74e73262c4aa972571732f9a0b3,2020-10-17 16:35:53,CTR_92,duplicate_aadhaar_diff_name
SYN_AAD_011475,Daniel Gallegos,1990-02-02,O,West Bengal,Port Amandamouth,9070562608,e2ea602a3158efd5698fd731278c2ee6a7b33ef1,2021-06-24 08:40:38,CTR_5,none
SYN_AAD_005709,Dominique White,1941-10-30,F,Delhi,West Stephanie,0952004615,03452dc028addff66fe5a3618134eae27d355497,2021-08-30 13:43:24,CTR_33,none
SYN_AAD_013794,David Harper,1961-10-26,O,Maharashtra,Romerohaven,1405786170,0ca3cc5d11f9bac91169fa750f107b6706253b15,2025-08-14 22:01:45,CTR_191,none
SYN_AAD_002082,Danielle Peters,1946-09-21,F,Rajasthan,Ashleymouth,8325823868,1c252f95d1c5efe6c47f9ba249722a4f0d19efcf,2023-02-04 09:49:38,CTR_200,none
SYN_AAD_010217,Elizabeth Harding,1995-04-04,O,Punjab,Carlafurt,3984028914,662434ab09265736d859770872c03f959217d7e4,2025-05-14 15:54:45,CTR_28,duplicate_aadhaar_diff_name
SYN_AAD_008869,Dr. Christine Wagner PhD,1976-04-06,O,Tamil Nadu,Tiffanymouth,3553795020,ec29f44877b029ee8b758dab5273caab8be3f10e,2022-02-09 21:36:31,CTR_158,none
SYN_AAD_003991,Steven Warner,1983-02-02,O,Kerala,Port Nancyland,7156956201,bc408073f966860e678422243026c40e048df369,2022-07-08 23:36:37,CTR_78,none
SYN_AAD_017801,Brian Wade,1978-05-01,O,Delhi,North Lisa,3375047930,08a094bc7387282f7958b129b35cfa41a2cf1e7a,2025-06-22 21:09:46,CTR_16,duplicate_aadhaar_diff_name
SYN_AAD_015695,Carolyn Lee,2006-08-16,F,Uttar Pradesh,North Brianna,2493843089,6e77d3a49a0e005c61a34b5aa27f354fbf73d481,2024-04-07 17:47:19,CTR_176,none
SYN_AAD_003537,Terri Williams,1973-08-04,F,Rajasthan,Richardchester,1877580304,4f0a91831e6c613107b816b1734fe78f2bccd401,2023-12-20 04:56:29,CTR_19,none
SYN_AAD_002647,Brad Armstrong,1933-01-31,F,Punjab,Lake Rodney,3325411076,31f9460a203eff6d88f9e5789db8652474cc2409,2022-09-26 14:55:51,CTR_38,none
SYN_AAD_002152,David Peterson,1937-01-14,M,Gujarat,Aprilbury,9971791100,1f7c64b29ac84deaff608f38813c0d977db2472e,2021-02-28 09:02:47,CTR_160,none
SYN_AAD_019181,Jessica Turner,1988-05-27,O,West Bengal,North Ericaside,4661963990,b9854a4482d0c95fa393d797b3941b442e826786,2021-06-30 09:39:16,CTR_98,none
SYN_AAD_019575,Timothy Logan,1991-06-07,O,Gujarat,Brianaville,0919392845,da09c5d1270c41635d62133ab1a9bea5933204f5,2022-09-14 04:35:16,CTR_117,none
SYN_AAD_009612,Alexandra Skinner,1988-12-13,O,Uttar Pradesh,Larryside,2749545089,74447b722120c5e3ff63e7102c5900d28bb0fa2e,2025-05-23 21:26:02,CTR_26,duplicate_aadhaar_diff_name
SYN_AAD_006746,Anthony Anderson,1956-11-25,O,Kerala,Port Casey,7795995946,d028b3feaf9f78bad5be22b8f86af2b2ad1475d8,2020-12-28 19:53:58,CTR_185,duplicate_aadhaar_diff_name
SYN_AAD_007045,Thomas Fowler DDS,1993-02-15,F,Rajasthan,East Timothy,6362050150,5fcc8e24c563c78b2b2193260a7b14487946a877,2022-04-15 17:35:47,CTR_59,none
SYN_AAD_013559,Susan Ward,1933-09-02,F,Rajasthan,East Justin,4258323024,3c6fbc9b2f0b1ed76be1e428cdcc07f4cf9e0889,2021-07-30 12:16:27,CTR_103,none
SYN_AAD_016174,Daniel Bryant,1979-12-09,O,Maharashtra,Donnahaven,1122338655,2f43658f51089c43d5e8a3f620fffed937d336d6,2025-08-18 12:00:58,CTR_81,none
SYN_AAD_013984,Joseph Clarke,1974-03-25,F,Gujarat,North Crystal,2897317912,9c0be796a02683463f459ef71ddfcb2aa0af66a1,2025-01-17 21:14:38,CTR_96,none
SYN_AAD_016916,Frank Brooks,1995-05-29,O,Rajasthan,Wellsshire,9033373634,f621279c1ec6a2eaf00817a845d52fff0687a148,2023-10-26 01:17:29,CTR_18,none
SYN_AAD_002989,Bradley Walton,1969-10-14,M,Maharashtra,Stonebury,7895677665,e23cb155c7c76bc1091d812aee22a4106bb3180f,2022-02-28 15:12:58,CTR_111,none
SYN_AAD_003164,Derek Jones,1940-11-06,O,West Bengal,Meganhaven,4311150835,7bcb2c82c6eff083d5e90d4ee59879156066ff9f,2022-12-20 11:23:08,CTR_34,none
SYN_AAD_018231,Larry Taylor,2003-07-20,M,Punjab,Alanport,5669078263,a8d68510f19d3bc112d7a7a9ca02dc5b6d1446ee,2025-08-17 11:59:18,CTR_144,none
SYN_AAD_018405,Nina Sharp,1992-06-05,F,Maharashtra,Latoyamouth,6637780529,0735ba2051f9c897c9265b48e09cae996d521a03,2023-08-26 15:22:25,CTR_106,none
SYN_AAD_011586,Jason Jennings,1984-07-12,O,Uttar Pradesh,Marktown,2259999663,cf251a9bc3dad2f582be637bcb291dccc9a5b43c,2024-09-02 19:48:47,CTR_185,none
SYN_AAD_001685,Keith Hayes,1971-02-04,F,Punjab,East Damonside,0970231643,fffa18feb82a3f16ce02a8338d352d75662da3ce,2021-02-14 05:50:41,CTR_80,none
SYN_AAD_011522,Adam Murphy,1985-07-20,M,Punjab,Mooreville,8671632346,9236c30ffa93922fda7f441b82143cc21fbd36a4,2023-04-10 20:29:38,CTR_130,none
SYN_AAD_006971,Kathryn Cohen,1967-02-13,M,Rajasthan,North Vickie,1693859777,130baf025eada6a86d0950182850a46ce9a1f3ff,2024-07-07 10:30:46,CTR_58,none
SYN_AAD_010523,Ryan Sparks,1982-11-10,F,Kerala,South John,7629160324,1a910ccf58ccd377eb433f01046b4ea299283f44,2022-06-25 17:31:19,CTR_95,none
SYN_AAD_002322,Jennifer Gill,1946-02-17,F,Punjab,Charlesville,6724380701,a41c877479dd6fb48fea762e3dc951b8d49425a3,2022-04-15 17:36:25,CTR_58,none
SYN_AAD_014061,Adam Wilson,1948-03-16,O,Punjab,Ellenmouth,7118372742,0778d20a8c67e0696563508e3963e71c6f716b51,2023-02-19 14:50:25,CTR_158,none
SYN_AAD_018243,Patrick Jackson,1931-02-27,M,Punjab,Ericstad,3083708164,08a7e2f392a396f4dbab120f9cc2a8590c665ba9,2023-11-05 06:28:30,CTR_169,none
SYN_AAD_008763,Tanya Brooks,1962-02-04,M,Karnataka,North Allen,0531312206,40481ef9a097a542752651dcbf821bf6021fd0e9,2022-03-31 15:30:48,CTR_70,none
SYN_AAD_010124,Taylor Foster,1987-11-13,F,West Bengal,East Jasonstad,2065063731,31c515bdf5d32c4ad2be4f477c6c2cde0af79e27,2022-06-29 18:54:12,CTR_2,none
SYN_AAD_005944,Randall Porter,1943-06-28,M,Punjab,West Susan,6252571509,290a867e726213291472a7dd86d494c49ef609cf,2022-08-11 20:43:28,CTR_169,none
SYN_AAD_013132,Michele Smith,1932-07-08,M,Karnataka,West Joelchester,9102574326,652dc23310e3f70b7af7c48f9e728341a45ba34b,2024-05-29 08:26:55,CTR_190,none
SYN_AAD_001004,Erin Ramirez,1935-01-08,M,Kerala,Wongport,3553380339,2e917db65eed15809b125324f0e5420da5da907b,2020-09-07 12:23:55,CTR_56,none
SYN_AAD_012327,John Mckay,1936-09-21,F,Rajasthan,East David,9833816742,7af49a35b060ae627963c45ca119d6c7e2a0190d,2022-10-02 06:19:52,CTR_88,none
SYN_AAD_015817,Kenneth Faulkner,1957-01-15,F,Gujarat,Michellefort,5662776896,2785642c440425ca3ae9356f0ccafec09a53a342,2024-04-08 14:52:34,CTR_185,none
SYN_AAD_010629,Olivia Dorsey,2002-09-29,O,Punjab,New Jessica,6747468971,5063777a51101d095ecb8740cf2ddadfa9fbf1f1,2022-03-31 21:21:02,CTR_22,none
SYN_AAD_009273,Scott Cross,1980-07-26,M,Karnataka,Sullivanchester,5674916016,e473d0b0912152a0e260f0d655a2a28e7ccd779c,2022-10-21 19:16:19,CTR_194,none
SYN_AAD_001630,Nicole Bailey,1996-02-18,O,Maharashtra,Heatherfurt,3370502497,6bb6d5f352060e2cab73e2a6b553a252ef94915a,2022-01-03 06:43:32,CTR_70,none
SYN_AAD_014519,Ray Newman,1981-12-10,O,Uttar Pradesh,Mccarthyland,6264488694,18a505428f4e8f78cdf515a6176b8034ea0952f2,2023-07-25 17:36:51,CTR_125,none
SYN_AAD_019892,Debra Clark,1983-10-18,F,Uttar Pradesh,Adamburgh,0116864622,cd7ccb8fabd673b35f0b7bb089d53452c799a1aa,2022-03-08 03:33:36,CTR_70,none
SYN_AAD_007063,Ashley Bradley,1958-07-25,O,Maharashtra,East Brian,3467912141,3816e00057d16c0c6b0e4bf756d14b01a9ce7483,2020-11-19 21:55:50,CTR_89,none
SYN_AAD_014087,Karen Chambers,1943-05-09,M,Gujarat,North Josephtown,1380698477,24eb23f006f7d83d31427b3990ca0cd948b8181f,2023-07-21 15:32:00,CTR_174,none
SYN_AAD_019435,Dr. Teresa Ortega MD,1937-06-03,F,Kerala,Morganville,7620918435,6e81cd8c92db4b700f43b22a15ef6ab4335a2db0,2022-03-26 15:16:10,CTR_171,none
SYN_AAD_010106,Mark Mcmahon,1973-06-24,M,Tamil Nadu,Lake Michaelton,7397691567,d14f67884f22757973789d5fba88097e9505ccf8,2021-11-07 12:42:56,CTR_102,none
SYN_AAD_019638,Sherri Glover,1998-04-24,M,Delhi,East Tylerland,8727178333,2230ab9574d47e0b7a5777fee847531f914e97da,2020-11-18 12:45:32,CTR_53,none
SYN_AAD_018417,Timothy Orr,1967-10-15,M,Karnataka,Lake Jonathan,1287153991,fef51a6773bdb8c2c8c0690485d9a9e6b184daa7,2025-05-31 12:07:17,CTR_196,none
SYN_AAD_008372,Jessica Hall,1964-11-22,F,West Bengal,West Christopherland,9319525690,0f53d3ce1fdd3001039605c1437bddecb547bb7d,2023-12-08 16:03:11,CTR_31,none
SYN_AAD_000253,Emma Diaz,1946-10-27,F,Uttar Pradesh,North Randall,5243772942,96d6eb882e0e01f3ff89bec4c51663b0669b1960,2021-09-07 07:58:08,CTR_45,none
SYN_AAD_004233,Ryan Berry,1958-12-27,F,Kerala,Carterfurt,5233027642,32c06360a3fffa64d7f5b0a05ffc1b9acb1f642c,2024-08-29 14:41:57,CTR_181,none
SYN_AAD_007540,Norma Myers DDS,1968-02-25,O,Kerala,Heatherborough,1259047292,d0d62a1ca31bfb496e96a1daaf0a3eb0cd2acca5,2022-06-02 11:08:15,CTR_172,none
SYN_AAD_002804,Chad Chavez,1930-11-15,M,Uttar Pradesh,Jessicashire,2662015720,e0348c8528f49d4d11eb773d0c8f9cf77686e026,2021-11-24 07:52:55,CTR_190,duplicate_aadhaar_diff_name
SYN_AAD_003611,Erik Morris,1962-05-30,F,Delhi,Burnsburgh,1764750111,ac42091067611caf1289e7f04974d79a120dd9f0,2025-08-17 00:34:08,CTR_118,duplicate_aadhaar_diff_name
SYN_AAD_002551,Laura Hill,1942-07-02,F,Punjab,South Todd,4921518260,aadd15a7abc02b59d0a9aa1d76212bb3d114acab,2025-02-21 16:01:32,CTR_110,none
SYN_AAD_005482,Joseph Richards DDS,1946-07-09,F,Uttar Pradesh,Lake Priscilla,9208751029,f0a73f5d5b2f9bbe1e5dfbe4ee3b12431c865704,2020-12-06 12:00:29,CTR_75,none
SYN_AAD_003774,Caleb Evans,2003-09-23,F,Delhi,South Tiffany,3408487297,f4d36845f8233a86ee13c85a06a1e42d38a925d8,2024-12-23 02:12:02,CTR_84,none
SYN_AAD_005631,Brett Weiss,1961-11-25,O,Rajasthan,East Donaldborough,9839542961,0a330b2e344d408b5b7a43831525289b549cc936,2022-01-09 03:48:01,CTR_177,none
SYN_AAD_008528,Franklin Underwood,1987-07-09,M,Uttar Pradesh,New James,3598926256,413cf839e14f279d0e0c65caecce6bfa9d137c8d,2022-12-06 23:49:20,CTR_28,duplicate_aadhaar_diff_name
SYN_AAD_007972,Brian Kelley,1938-08-10,F,Punjab,Daniellestad,4234016361,4ee6ed03a51590c93797fa3a9617b96eefb0e830,2023-03-30 03:48:59,CTR_103,none
SYN_AAD_017169,Renee Davis,1977-02-11,M,Uttar Pradesh,Andreaville,2562588967,c5444c08f3f2c2fa0dc87424cf64a9dd299f23e5,2025-01-01 08:02:16,CTR_80,none
SYN_AAD_011125,Mary Thomas,2006-11-16,M,West Bengal,Brianstad,9672757844,ebd9f2d6ea4a5dc9c281a2bcdddddd6b12700da6,2021-05-16 20:42:40,CTR_200,none
SYN_AAD_005509,Jennifer Edwards,1941-11-24,M,Kerala,North Jessicaland,9014870682,ef4008eba58dc4edd8d07a24b7d99fbf386206d6,2025-02-28 21:08:34,CTR_163,none
SYN_AAD_003736,Jennifer Jensen,1930-08-16,O,Kerala,Parkstad,8909728321,bf3f29d4154ab847bf6e4341eede088debecc1a9,2021-01-24 21:41:37,CTR_50,none
SYN_AAD_011448,James Brooks,1945-01-15,F,Karnataka,Robinbury,4474430963,7331268d1c03d91fd953ee0d4da2f8bbc8caf8c9,2024-10-14 17:36:40,CTR_61,none
SYN_AAD_003368,Aaron Stevens,1970-03-28,M,Gujarat,Danielstad,6501673188,e39c8ce15de6380ee135d5ced86b2c1b7ba1c33e,2020-09-10 05:06:20,CTR_51,none
SYN_AAD_005685,Matthew Perez,1983-06-10,O,Karnataka,Kevinchester,8417722560,5cf3bf9a0c0fd9953429e24d5225d59a91fb81bd,2020-12-22 19:33:10,CTR_195,none
SYN_AAD_002469,Jason Rivera,1933-12-07,M,Rajasthan,Lake James,4167872568,98dc0cdd7beee8ad2b5019257db19d46c6f5d628,2020-10-24 11:02:52,CTR_119,none
SYN_AAD_018472,Gregory Smith,1961-10-26,O,Rajasthan,Lake Mariachester,6744716392,c72fddcce7000e6ece812bfafc687bbd2b231644,2021-08-12 02:20:13,CTR_175,none
SYN_AAD_018497,Wendy Wright,1988-01-15,O,Punjab,South Jasmine,8923923126,58d0bc2539862ac176610333f9198bd96b49203c,2024-04-05 05:16:45,CTR_83,none
SYN_AAD_015485,Adam Lambert,1981-05-25,M,Rajasthan,Warrenbury,5670860414,d56687a76b20219cdbc102ff6a44bdfa73a3d72b,2022-09-26 01:08:28,CTR_18,duplicate_aadhaar_diff_name
SYN_AAD_015365,Anthony Williams,1936-09-22,F,Gujarat,Jasonfort,9162475541,6546be12baa53078dc72c88c67fbebeaefa74ce3,2021-09-28 14:18:01,CTR_71,none
SYN_AAD_008853,Patrick Ward,2001-08-10,M,West Bengal,Johnview,9611291093,dde9d6a6d42fd9e56255a5a24c1fbb9a655965f0,2025-04-13 21:42:39,CTR_130,none
SYN_AAD_002431,Elizabeth Wells,1957-02-14,F,Rajasthan,North David,8485571617,84b67a4dfb2a006cdb09d5c2007409d830e8085d,2022-01-20 09:24:37,CTR_116,none
SYN_AAD_001232,Melissa Anderson,1935-10-26,M,West Bengal,Port Teresaborough,7881278686,ffa9be34efe35112c10212ccad25396aac15d19e,2020-08-30 22:18:04,CTR_74,none
SYN_AAD_002514,Daniel Horton,1999-06-04,O,Maharashtra,Gordonhaven,4344812308,e17175178ba78f4f1f508fc9ba012601ce6ad3f1,2022-12-30 16:51:02,CTR_158,none
SYN_AAD_011248,Tanya Avila,1963-07-10,O,Uttar Pradesh,New Darren,9551842694,c946752b76b729793fff8bd19b8167f654ea8e29,2022-07-02 00:29:47,CTR_119,duplicate_aadhaar_diff_name
SYN_AAD_017712,Diana Scott,1931-10-05,O,Delhi,Lake Juliefurt,9837354396,18c17a53e414dc9c1ebc6f2fba36eaaa5abf7317,2024-04-28 20:01:10,CTR_116,none
SYN_AAD_018732,Steven Davis,1954-05-03,O,Tamil Nadu,Lopezburgh,9724042269,b6befc63db0db3acc2e91d0d1e13943ad5f2857a,2022-09-20 17:16:34,CTR_83,none
SYN_AAD_019824,Matthew Powell,2001-04-29,F,Kerala,Lake Karen,9166010023,a916488567e5cdcf76f798fc2caf8e6b0c485287,2020-09-30 16:13:36,CTR_39,none
SYN_AAD_002027,Alexandra Conner,2003-06-13,F,Maharashtra,Melissaland,2797245723,989def55df7ae7c89f504f3f82c2bf8fc360d5ae,2021-09-06 03:00:03,CTR_88,none
SYN_AAD_000865,Andrew Stephens,1943-08-04,O,Karnataka,Thomasbury,3662543617,8e4479d89fbb0533199f30a1f876430fa4f55056,2023-01-12 07:25:13,CTR_11,none
SYN_AAD_011554,Luis Wilson,1941-03-04,O,Rajasthan,New Edwardchester,9262494514,ecdd989d257169f5fc32cda3e23c53592ff841ed,2021-04-14 00:20:49,CTR_113,none
SYN_AAD_017172,Shannon Spence,1949-07-31,O,Punjab,Dylanmouth,1196421522,f957201be55b3ff10c99e449024bf2abfcf0232f,2024-09-23 01:18:01,CTR_41,none
SYN_AAD_011924,Jennifer Leon,1975-01-06,F,Gujarat,Port Sherry,6687887883,ba11433530111f8dcf2766452826e311af3e0d15,2025-02-11 21:45:45,CTR_100,none
SYN_AAD_009073,Melissa Rubio,1941-07-04,F,Punjab,West Aaron,5872105524,33ada6f3400e38262a701a12cba797384f32067e,2024-03-19 23:35:58,CTR_14,duplicate_aadhaar_diff_name
SYN_AAD_010965,Ronald Brown,1948-05-21,M,West Bengal,Lake Janefurt,6501917920,73790e762a06ce94002af9278211dde2a619c4e1,2021-04-16 04:13:48,CTR_25,none
SYN_AAD_018283,Ronald Butler,1954-06-17,O,Uttar Pradesh,Manninghaven,7657041200,1125e572d2d64bfd21bc8757208cd784924cec69,2024-01-03 06:51:24,CTR_73,none
SYN_AAD_015056,Michael White,2005-01-19,O,Punjab,Samanthahaven,3624186236,0d75bb0f9dac1439266362fc9eebc8e9096287d2,2025-05-23 09:49:46,CTR_39,duplicate_aadhaar_diff_name
SYN_AAD_010923,Angela Schwartz,1994-08-10,M,Punjab,Denisefurt,2056341115,fb7f684008b413f9a257bf2029e3c8dfb56b5945,2022-01-07 10:07:13,CTR_170,none
SYN_AAD_004634,Ana Harper,1971-09-14,F,Gujarat,New James,3419909700,06eaa49318d14845065a8377d3aede1391a40d47,2023-09-01 19:30:45,CTR_168,none
SYN_AAD_012843,Tina Porter,1972-06-06,M,Punjab,Swansonberg,5681820967,2a414940b3a813e73d2f3f3589285b66450d4585,2024-07-28 13:31:40,CTR_182,none
SYN_AAD_002776,Mark Cisneros,1961-02-23,F,Kerala,Port Erin,2889857254,d06ed1101b5ca4e8731cdcc7e2c8e132ada96d9b,2023-12-07 01:55:53,CTR_97,none
SYN_AAD_010763,Zachary Lawson,1950-05-16,M,Kerala,Davistown,4817175242,6819fff4cda2f3032b5221519f5b811ac00d0bce,2021-05-23 23:14:23,CTR_24,none
SYN_AAD_013874,Michael Murray,1994-01-15,O,West Bengal,Kathrynmouth,1970546692,34b78618f1c138ab0f09ec6bef6ee239ae6b4d0e,2023-04-21 04:55:18,CTR_5,none
SYN_AAD_004641,Zachary Wood,1965-05-27,F,Karnataka,New Tiffanyton,8021462961,1099fa8aade6096b01492e90b4d2f60652b0aa4e,2023-08-08 20:31:31,CTR_55,duplicate_aadhaar_diff_name
SYN_AAD_011197,Marvin Mccullough,1992-11-23,F,Tamil Nadu,North Henryville,6365155973,ce6a1482464e919050baccb7cd6aea2cabc3bbad,2025-04-09 06:01:36,CTR_58,none
SYN_AAD_003936,John Bowman,1973-03-17,M,Maharashtra,New Kimton,6730306442,6bc75e5c5bfa4733d5b5a4d781de0d60ada44046,2021-04-30 14:29:53,CTR_76,none
SYN_AAD_003314,Michael Savage,2001-01-19,O,Kerala,Lake Patricia,0165423567,cbd32d9b0e8f8f12ddb66c10e26d6088ed483074,2024-05-07 18:47:58,CTR_190,none
SYN_AAD_007480,Michael Price,1930-12-25,M,West Bengal,North Jennifer,5502727516,9c9d5ea4ab562ef04469021eed5934ade351dca4,2021-09-14 07:58:44,CTR_197,none
SYN_AAD_004294,Margaret Lane,1934-08-06,O,Uttar Pradesh,Lake Tiffany,8296353390,a9919ec4c606cfbac8f6815b1216ecce9f6a9be8,2023-03-31 10:49:32,CTR_40,none
SYN_AAD_000195,Sharon Lyons,1991-09-10,M,Punjab,Jenkinsstad,8512765289,91e1717b3378061ecc3d53e61ef3436c9227fa19,2024-05-09 23:43:02,CTR_43,none
SYN_AAD_014341,Michaela Pace,1943-02-19,M,Uttar Pradesh,Port Maryland,9617981789,658b647d66575489ff5923d4039a666121360e62,2024-07-02 05:29:09,CTR_94,none
SYN_AAD_007783,Ashley Gates,1946-07-26,F,Punjab,Tammymouth,6053844446,ad61259a7adc092d4691787c8260525b9517c6de,2020-11-09 06:55:46,CTR_73,none
SYN_AAD_012793,Brian Miller,1972-11-02,M,Kerala,Georgeshire,3863960962,cac7e27292a1886328e5f4e7ef0f2149e625ac01,2025-01-12 20:47:58,CTR_62,duplicate_aadhaar_diff_name
SYN_AAD_010140,David Mckinney,1946-10-28,F,Tamil Nadu,Lake Barbarafurt,8253110609,9247bd594515ad6eec2f9a5b4ff6ce9514e29107,2021-04-21 11:31:42,CTR_95,none
SYN_AAD_018691,Allison Gross,1991-05-19,F,Rajasthan,Jacobbury,3836404120,a107fd2d74d3cfcf5df9a9cf14a28013791787ff,2021-09-04 21:49:52,CTR_197,none
SYN_AAD_009233,Douglas Kline,1942-04-04,F,Kerala,South Meganborough,1706171366,24079acd2903ec50bfaf6122fe62e525a7b7c016,2020-09-20 05:56:23,CTR_136,none
SYN_AAD_013718,Mary Welch,1933-11-29,M,Tamil Nadu,West Victoriafort,2841390808,448475547c5658257e92a7f15ffe2ae6ece10b17,2021-08-11 09:04:21,CTR_155,none
SYN_AAD_004535,Alyssa Taylor,1940-12-26,F,Delhi,West Joshua,1584776863,4bd137038fad39d076a1673f613cacf0a9fe9ad6,2023-01-10 00:52:29,CTR_165,none
SYN_AAD_015747,Ashley Mcguire,1972-01-14,F,Kerala,Port Jamie,6769459196,1e8bcbf983ad42d878817b1668898e3a14b358e2,2021-03-07 09:51:50,CTR_27,none
SYN_AAD_007698,Steve Rubio,1964-01-27,M,Gujarat,Carterhaven,6012562531,0aae6ea9174d5263b66fc4f3cb9f75dae3e864d7,2023-04-23 17:07:57,CTR_22,none
SYN_AAD_005253,Fernando Smith,1974-05-23,F,Rajasthan,South Ashley,3816493831,4dbcaa1cd413934820aa58d64fc96f9105bed075,2021-04-09 05:07:17,CTR_132,none
SYN_AAD_004828,Maria Fleming,1988-11-11,F,Maharashtra,Lisaborough,0770461172,a5dc65a3dd1cc848e41a5b0af518b845282f5364,2025-07-15 14:21:17,CTR_57,none
SYN_AAD_006719,Ryan Klein,1930-04-07,F,Delhi,Mitchellfurt,8805017164,8910c89250bedd0bd7b4b19949cc96986ae7aba4,2025-05-14 13:45:32,CTR_107,duplicate_aadhaar_diff_name
SYN_AAD_010004,Katherine Williams,1970-04-01,F,Kerala,Snyderville,9103002156,3baa8612fc4f4b3ff370e504c43f5759e1119ffb,2023-10-09 19:28:35,CTR_96,none
SYN_AAD_007725,Kimberly Smith,1936-10-10,F,Maharashtra,Nicoleton,0414596422,c876a6fb265190997bfa09bd293ab374bf3a23f0,2021-11-22 13:36:54,CTR_96,none
SYN_AAD_007357,Stacy Church,1985-11-17,M,West Bengal,Barnetthaven,9774573144,ebd1026e5718f3194fc3d09aa15d2a30d2adc63d,2022-09-11 18:42:30,CTR_26,none
SYN_AAD_011406,Nancy Harris,1940-04-01,M,Karnataka,South Briantown,7637153988,babc83cf91d229ba422e92dc5f4e8d2037d81d68,2024-12-04 04:55:21,CTR_10,none
SYN_AAD_009400,Carlos Rangel,1982-02-09,F,Karnataka,Parrishhaven,6314624912,ccbdc93ff6f1452894123b01d5be4ad7fe39afb3,2024-07-21 13:03:17,CTR_195,none
SYN_AAD_013195,Amy Werner,1991-03-27,F,Punjab,Josephside,5632686850,9100d2d87440c2417a95f0f09c496b9d2061f89a,2023-11-21 04:46:18,CTR_2,duplicate_aadhaar_diff_name
SYN_AAD_002596,Jenny Carter,1984-06-08,M,Gujarat,New Joshua,8610313100,d68c3d905106c4b9595d57749482660d0d8181d1,2021-06-29 15:18:59,CTR_56,none
SYN_AAD_004899,Stephen Lyons,1984-09-09,O,Punjab,Longbury,7323549401,29b1ada27bc8473c19f616de46311283fe6fc3e8,2023-03-26 08:26:47,CTR_136,none
SYN_AAD_013869,Melissa Jackson,1939-01-31,M,Gujarat,East Martin,2076502412,b2ab07616c9d7d9193d55737d8db4c0e8e752164,2025-08-05 13:18:05,CTR_61,none
SYN_AAD_003877,Shane Kennedy,1935-10-12,M,Delhi,New Erinport,8822114577,05124f225eba5e745b4f603aac45fb87189692d0,2022-10-16 10:54:09,CTR_62,none
SYN_AAD_013756,Adam Gomez,1975-01-20,O,Punjab,Rodriguezhaven,2632570396,d0f838e15a668b8d32681e49a52db28c6c0a9767,2023-11-06 11:00:48,CTR_118,none
SYN_AAD_004469,Tracie Wiley,2003-10-17,M,Rajasthan,Archerhaven,4556964430,77d8918408574d5862739d447bb2f8d40ee70ad0,2021-09-05 18:28:52,CTR_153,none
SYN_AAD_005816,Patrick Fowler,1976-11-09,M,Kerala,Danieltown,2728498247,f0d99d27219d252b6386d0a93ddf22ab222426c4,2020-12-24 23:30:32,CTR_148,duplicate_aadhaar_diff_name
SYN_AAD_007927,Roger Martinez,1996-02-05,O,Karnataka,Adamstad,0425488214,95bb3302af55e4ad7f6f033c465c5deeecd626aa,2021-04-27 12:35:27,CTR_75,none
SYN_AAD_014065,Andrew Fitzpatrick,1963-06-26,M,Punjab,Hendersonville,4942965923,9d46f6a6e8fd20578809b07bfdc8e6f692767b02,2023-03-13 02:39:17,CTR_91,none
SYN_AAD_013230,Edward Ho,1992-05-24,O,Uttar Pradesh,South Kimberly,1287585756,616f9ac460cdaa5b0fbbc4d5726aac7270b687f7,2025-05-22 05:06:30,CTR_48,none
SYN_AAD_002805,Randall Davis,1948-10-06,O,West Bengal,Kristinshire,2989406260,8c7a6e87fd33df5fcc166ccc3247934603ce1226,2021-05-09 18:27:53,CTR_18,none
SYN_AAD_017237,Ronald Santos,1975-01-07,O,Kerala,Port Kellyfort,0198038287,01bfdbf829e91937337e83612fdb4917cde6b286,2023-04-12 15:31:30,CTR_130,none
SYN_AAD_018158,Taylor Shaffer,1956-12-11,M,Uttar Pradesh,North Aaronville,3317087601,bb02623447059cd85c495da18ef1bbf7fe393c20,2022-08-19 15:18:54,CTR_121,none
SYN_AAD_004167,Kimberly Underwood,1989-05-25,O,Uttar Pradesh,South Dustintown,2328837744,0ad6c9774bb669d4ca3d03e4359899ae47cdb73c,2022-12-22 16:50:01,CTR_96,none
SYN_AAD_008311,Michael Rodriguez,1986-05-16,O,Delhi,Hernandezport,1960940970,b274da74485a9b62abf918abc0c578d123ebfa64,2024-07-13 18:53:29,CTR_92,none
SYN_AAD_002213,William Howard,1998-02-12,F,Tamil Nadu,West Rachel,8122595724,5624923685fd363561f8101a880dfd36fa7d5c49,2024-09-30 16:26:29,CTR_188,none
SYN_AAD_003396,John Hopkins,1998-08-19,O,West Bengal,Davidmouth,9961002311,e2f86e9f9596b6bdde4b21d7f45ff3f35169274d,2022-08-24 21:16:52,CTR_35,none
SYN_AAD_001472,Spencer Chandler,1981-11-26,F,Kerala,Nielsenton,1017590251,038c46946e0734a380a35eb6a78b09e32d50cb01,2025-07-07 09:56:14,CTR_87,none
SYN_AAD_009445,Becky Walters,1968-07-26,O,Rajasthan,East Judy,8319013020,61ba9ab938c8b88c73cbc5485b368efa949d3e2c,2021-03-31 07:55:59,CTR_179,duplicate_aadhaar_diff_name
SYN_AAD_017254,Dr. Claire Jenkins,2001-07-06,O,Karnataka,Leeborough,8559821766,5baa5396946f17a40a0c666c33db7b4b29e41799,2025-01-12 18:32:49,CTR_35,duplicate_aadhaar_diff_name
SYN_AAD_002067,Bruce Hall,2003-03-14,O,Rajasthan,Andrewport,6512418938,5a026df043025309a920b8ae4872a71db7a3fac8,2021-02-11 17:49:14,CTR_10,none
SYN_AAD_009615,Stephanie Aguilar,1965-06-07,M,Delhi,North Matthewview,5023850371,b5d7007a8298a49dbd37d75e638db7a20445c9c3,2021-03-27 14:18:12,CTR_52,none
SYN_AAD_001373,Linda Salazar,1940-08-07,F,Gujarat,Pottsview,1078356743,e0f533752e5573002c5ad769c8500f278ba9393a,2022-04-21 05:38:23,CTR_132,none
