aadhaar_id,name,death_date,death_place,cause_code,reporting_officer,anomaly_type
SYN_AAD_008953,Sherri Barnes,2024-09-11,Hospital,accident,Sharon Horton,none
SYN_AAD_009867,Heather Edwards,2024-03-09,Hospital,natural,Tina Miller,none
SYN_AAD_001128,Robert Kim,2024-12-21,Road,unknown,Jeffrey Herring,none
SYN_AAD_007083,Lori Delgado,2024-07-26,Home,unknown,Stephanie Robinson,none
SYN_AAD_001564,Benjamin Moore,2024-10-31,Road,unknown,Ryan Reynolds,none
SYN_AAD_011722,Michael Harper,2023-12-04,Home,unknown,Deanna Wright,none
SYN_AAD_010103,Kimberly Nelson,2023-08-14,Home,natural,John Lawrence,none
SYN_AAD_019601,Barry Hicks,2024-07-24,Hospital,natural,Richard White,none
SYN_AAD_012366,Michael Lawrence,2025-03-21,Hospital,natural,Wesley Waters,none
SYN_AAD_012276,Mary Fry,2023-12-13,Hospital,natural,Daniel Peterson,none
SYN_AAD_004821,Charles Price MD,2024-01-02,Hospital,accident,Brittany Wright MD,none
SYN_AAD_000915,Judith Hunter,2024-11-01,Hospital,accident,Kevin Richardson,none
SYN_AAD_006296,Eric Peterson,2024-06-08,Road,unknown,Adam Fernandez,none
SYN_AAD_002070,April Brennan,2025-07-24,Hospital,natural,Joshua Russell DDS,none
SYN_AAD_006760,Christine Harris,2025-07-18,Road,natural,Roberto Cantrell,none
SYN_AAD_001442,Jennifer Pena,2023-11-17,Home,unknown,Erica Oconnor,none
SYN_AAD_016825,Aaron Conway,2025-06-09,Home,accident,Nathan Alexander,duplicate_aadhaar_diff_name
SYN_AAD_011623,Nancy Solis,2024-07-08,Road,natural,Jonathan Mcmillan,none
SYN_AAD_019785,Donald Allen,2025-06-19,Road,accident,Willie Bowers,none
SYN_AAD_019521,Jamie Rodgers,2024-08-25,Hospital,natural,Stephanie Campbell MD,duplicate_aadhaar_diff_name
SYN_AAD_007005,Matthew Walsh,2025-05-31,Hospital,accident,Cynthia Lozano,none
SYN_AAD_010596,Cody Miller,2024-05-15,Hospital,natural,Michelle Marsh,none
SYN_AAD_013177,Nancy Scott,2024-05-29,Road,accident,Jessica Martinez,none
SYN_AAD_000392,Philip Ramsey,2024-04-06,Home,natural,Christopher Hunter,none
SYN_AAD_015033,Lori King,2025-02-25,Hospital,natural,Kathy Harrison,none
SYN_AAD_009124,Michael Parks,2023-12-23,Road,unknown,Christopher Harris,none
SYN_AAD_012090,Sean Davenport,2024-09-22,Hospital,natural,Ruth Moore,none
SYN_AAD_007161,Richard Smith,2025-02-04,Home,accident,Christine Booker,none
SYN_AAD_019623,Adriana Higgins,2024-09-12,Home,natural,Richard Barnes,none
SYN_AAD_017569,Karen Cox,2025-05-15,Road,natural,Ashley Sampson,none
SYN_AAD_008255,Jamie Smith,2024-04-13,Hospital,unknown,Kevin Hall,none
SYN_AAD_009521,Brett Jennings,2025-03-07,Road,unknown,Jeremiah Morales,none
SYN_AAD_012732,Sabrina Shah,2025-03-17,Road,unknown,Tara Velasquez,none
SYN_AAD_004355,Janice Callahan,2024-08-19,Home,natural,Amber Gomez,none
SYN_AAD_010419,Michael Hebert,2025-06-02,Road,accident,Laurie Collins,none
SYN_AAD_002212,Tammy Jones,2024-05-20,Home,natural,Kenneth Medina,none
SYN_AAD_001610,Jessica James,2023-12-01,Road,accident,Edwin Hill,duplicate_aadhaar_diff_name
SYN_AAD_009981,Courtney Rios,2024-10-15,Road,unknown,Andrew Zamora,duplicate_aadhaar_diff_name
SYN_AAD_007616,Ronald Mcdonald,2025-01-20,Road,unknown,Joseph Glover,none
SYN_AAD_000430,Mr. Patrick Ewing,2023-11-28,Hospital,natural,Scott Reynolds,duplicate_aadhaar_diff_name
SYN_AAD_004065,Danielle Mcbride,2023-10-19,Home,natural,Anthony Davis,none
SYN_AAD_002818,John Green,2024-02-13,Hospital,unknown,Alejandro Miller,duplicate_aadhaar_diff_name
SYN_AAD_001743,Maria Clark,2025-01-12,Hospital,natural,Hayden Shaw,duplicate_aadhaar_diff_name
SYN_AAD_007882,Joseph Flores,2023-11-23,Home,accident,Heather Hudson,none
SYN_AAD_006619,Benjamin Lee,2024-11-26,Hospital,accident,David Gibson,none
SYN_AAD_006697,Christine Jones,2024-07-28,Road,natural,Sheryl Gonzalez,none
SYN_AAD_003394,Michelle Davis,2024-02-15,Road,unknown,Wayne Moses,none
SYN_AAD_014540,Jessica Mcdowell,2025-01-03,Road,accident,Dr. Kimberly Shaffer,none
SYN_AAD_004399,Stephen Medina,2025-01-08,Home,accident,John Ferguson,none
SYN_AAD_005701,Dan Baker,2023-09-16,Road,accident,Lindsay Brady,duplicate_aadhaar_diff_name
SYN_AAD_009452,Patricia Hendricks MD,2024-03-03,Hospital,natural,Taylor Parker,none
SYN_AAD_010855,Michael Jackson,2024-01-11,Home,natural,Stephen Boyle,none
SYN_AAD_006744,Jeffrey Heath,2025-05-22,Road,natural,Vincent Ellis,none
SYN_AAD_008137,Justin Roberson,2025-06-30,Road,unknown,Mrs. Sherry Anderson,none
SYN_AAD_007289,Ruth Snyder MD,2025-03-23,Road,accident,Richard Oliver,none
SYN_AAD_017087,Natalie Shields,2025-05-22,Home,natural,Joshua Guerrero,none
SYN_AAD_014495,Thomas Martinez,2025-06-10,Road,natural,Mallory Armstrong,none
SYN_AAD_002117,Stephanie Simon,2024-06-04,Home,natural,Eric Andersen,none
SYN_AAD_006306,Michael Hernandez,2023-10-23,Hospital,unknown,Jeffery Robinson,none
SYN_AAD_006906,Andrew Wheeler,2024-05-12,Hospital,natural,Christopher Lopez,duplicate_aadhaar_diff_name
SYN_AAD_006064,Carl Allen,2024-10-03,Hospital,unknown,Donald Young,none
SYN_AAD_016949,Emily Blackburn,2024-11-16,Hospital,natural,Sara Jones,none
SYN_AAD_016627,Christopher Thomas,2024-03-18,Hospital,accident,Chelsey Vaughan,none
SYN_AAD_015305,Douglas Smith,2025-03-13,Home,natural,Nancy Wright,none
SYN_AAD_006472,Anthony Silva,2025-08-11,Hospital,accident,Lisa Owens,none
SYN_AAD_005781,Derrick Turner,2025-04-14,Road,natural,Alexander Harvey,none
SYN_AAD_009932,Brendan Grant,2024-02-11,Home,unknown,Michele Allen,none
SYN_AAD_014688,Nicole Burns,2024-12-13,Road,natural,Katherine Gomez,none
SYN_AAD_008908,James Kim,2024-07-21,Home,natural,Travis Morgan,none
SYN_AAD_011782,Timothy Roberts,2025-08-09,Home,accident,Terry Sullivan,none
SYN_AAD_019023,Jennifer Lloyd,2024-01-27,Home,accident,Laura Berg,duplicate_aadhaar_diff_name
SYN_AAD_013850,Cassidy Zimmerman,2025-05-19,Road,unknown,Benjamin Brown,none
SYN_AAD_007340,Brooke Wright,2025-06-05,Hospital,accident,David Williams,duplicate_aadhaar_diff_name
SYN_AAD_000649,Luke Yang,2024-11-30,Home,accident,Erin White,none
SYN_AAD_002727,Jeremy Lopez,2025-02-09,Home,unknown,Krystal Guerra,none
SYN_AAD_017602,Lindsey Williams,2024-07-26,Hospital,unknown,Melissa Rodriguez,none
SYN_AAD_016174,Kelly Castro,2024-05-19,Home,accident,Michael Miller,duplicate_aadhaar_diff_name
SYN_AAD_015192,Christopher Clarke,2023-10-20,Home,accident,Michael Bird,none
SYN_AAD_009280,Timothy Myers,2024-12-31,Home,unknown,Erika Davis,none
SYN_AAD_019858,Donald King,2024-06-12,Home,natural,Daniel Adams,none
SYN_AAD_010919,Rodney Goodman,2024-10-22,Hospital,unknown,Jennifer Davis,none
SYN_AAD_015376,Michael Hooper,2025-02-11,Hospital,natural,Anthony Soto,none
SYN_AAD_006213,Steve Alexander,2025-02-19,Hospital,natural,Emma Murray,none
SYN_AAD_016406,Mark Orr,2025-07-26,Road,unknown,Joshua Barnett,none
SYN_AAD_012263,Kyle Robinson,2024-10-04,Home,accident,Claudia Smith,none
SYN_AAD_013625,Stephanie Wade,2024-01-23,Home,unknown,Brenda Robertson,none
SYN_AAD_012227,Maria Alvarez,2024-07-23,Home,accident,Diane Wood,none
SYN_AAD_010086,John Tran,2024-04-08,Road,unknown,Martha Allen,none
SYN_AAD_002334,Jason Robinson,2024-01-01,Home,natural,Sally Gomez,none
SYN_AAD_004078,Paige Gutierrez,2025-06-12,Home,unknown,Teresa Wise,none
SYN_AAD_015165,Brittany Lopez,2024-04-26,Hospital,accident,Erik Harris,duplicate_aadhaar_diff_name
SYN_AAD_010187,Daniel Walker,2024-09-14,Road,accident,Richard Cameron,duplicate_aadhaar_diff_name
SYN_AAD_016698,Mr. James Padilla MD,2025-07-21,Road,accident,Erin Jenkins,none
SYN_AAD_012064,Timothy Dorsey,2025-07-25,Road,natural,Michele West,none
SYN_AAD_013006,Clarence Cameron,2025-03-06,Home,unknown,David Taylor,none
SYN_AAD_008086,Christopher Arellano,2023-11-19,Hospital,accident,Nicholas Morgan,none
SYN_AAD_001130,Kevin Richardson,2025-02-21,Home,unknown,Martin Hall,none
SYN_AAD_000925,Andrew Jones,2023-12-01,Road,unknown,Elizabeth Brown,none
SYN_AAD_004845,Kaitlyn Gardner,2024-01-30,Home,unknown,Brittney Garza,none
SYN_AAD_014924,Alan Maxwell,2024-05-18,Road,natural,Brittany Stafford,none
SYN_AAD_009908,Lisa Martin,2024-12-19,Hospital,unknown,Brandon Hays,none
SYN_AAD_018951,Taylor Bradley,2025-07-09,Road,natural,David Murray,none
SYN_AAD_009484,Heather Huff,2024-04-23,Hospital,natural,Anthony Gardner,duplicate_aadhaar_diff_name
SYN_AAD_018162,Christy Lutz,2024-03-27,Home,unknown,Jennifer Mcdaniel,none
SYN_AAD_019207,Trevor Gonzales,2023-12-11,Hospital,unknown,James Hooper,none
SYN_AAD_006187,Eric Hoffman,2024-07-12,Home,natural,Sally Frazier,none
SYN_AAD_008100,Ellen Holmes,2024-09-07,Home,unknown,Michael Kelly,none
SYN_AAD_014468,Theresa Robinson,2023-12-30,Road,unknown,Mark Martin,duplicate_aadhaar_diff_name
SYN_AAD_012543,Cody James,2025-03-17,Road,accident,Christine Gentry,none
SYN_AAD_013487,Jerome Briggs,2024-08-24,Road,natural,Tony Robbins,none
SYN_AAD_003580,Tammy Wilkins,2024-11-24,Road,unknown,Kara Brown,none
SYN_AAD_011285,Julie Lee,2025-01-14,Hospital,accident,Dawn King,none
SYN_AAD_006865,Jessica Sanders,2023-09-16,Road,accident,Timothy Evans,none
SYN_AAD_010095,Jasmine Payne,2024-05-31,Hospital,natural,Jennifer Shaw,none
SYN_AAD_016112,Norma Francis,2025-02-02,Hospital,natural,Kaitlin Whitney,none
SYN_AAD_002288,Denise King,2025-07-06,Road,accident,Dr. Nicole Frazier,none
SYN_AAD_017201,Marie Stout,2024-05-17,Home,unknown,Tyler Howell,none
SYN_AAD_009448,Robert Hall,2024-03-31,Road,accident,Samuel Proctor,none
SYN_AAD_005591,Matthew Melton,2024-10-07,Hospital,accident,Alexander Foster,none
SYN_AAD_004935,Debra Fisher,2023-10-03,Road,natural,Maria Tyler,none
SYN_AAD_003694,Jonathan Smith,2025-04-12,Home,natural,Wayne Arnold,duplicate_aadhaar_diff_name
SYN_AAD_003511,Stephen Jimenez,2023-12-14,Hospital,accident,Alyssa Cruz,duplicate_aadhaar_diff_name
SYN_AAD_018582,Phillip White,2023-08-16,Hospital,natural,Cynthia Garcia,none
SYN_AAD_003088,Larry West,2025-05-05,Hospital,unknown,Mandy Jennings,duplicate_aadhaar_diff_name
SYN_AAD_017217,Rachel Mills,2024-10-14,Hospital,accident,Christopher Williams,duplicate_aadhaar_diff_name
SYN_AAD_008432,Joshua Herman,2024-08-21,Home,unknown,Roy White,none
SYN_AAD_004469,Bryan Hooper,2024-02-18,Road,natural,Raymond Tucker,duplicate_aadhaar_diff_name
SYN_AAD_019852,Stuart Terry,2023-08-22,Home,natural,Aaron Garcia,none
SYN_AAD_015115,Megan Carpenter,2024-08-05,Hospital,accident,Grant Chung,duplicate_aadhaar_diff_name
SYN_AAD_009120,Nathan Garcia,2025-06-02,Home,natural,David Esparza,duplicate_aadhaar_diff_name
SYN_AAD_019190,Katrina Strickland,2023-11-08,Hospital,accident,Benjamin Mitchell,none
SYN_AAD_015898,Jeffrey Wilson MD,2024-12-10,Road,natural,Mike Tran,none
SYN_AAD_011529,John Patel,2024-01-03,Hospital,accident,Sarah Brown,none
SYN_AAD_000236,Mary Oconnor,2024-09-18,Road,unknown,Sean Fitzpatrick,none
SYN_AAD_001371,Mark Bradley,2023-11-08,Hospital,natural,Daniel Wilson,none
SYN_AAD_003758,Ryan Green,2024-11-20,Hospital,accident,Cindy Baker,duplicate_aadhaar_diff_name
SYN_AAD_019758,David Vega,2025-03-19,Road,accident,Michael Cruz,none
SYN_AAD_015922,Matthew Williams,2023-12-17,Home,accident,Brian Kim,none
SYN_AAD_003610,Charles Olson,2025-07-15,Home,accident,Carol Hughes,duplicate_aadhaar_diff_name
SYN_AAD_010605,Ryan Edwards,2024-06-18,Road,accident,Brian Pratt,duplicate_aadhaar_diff_name
SYN_AAD_010329,Mrs. Sandra Herrera,2025-03-06,Hospital,accident,Kyle White,none
SYN_AAD_016365,Colin Sanders,2024-02-27,Home,unknown,Jessica Hall,none
SYN_AAD_001875,Christopher Mendez,2024-03-31,Home,accident,Michael Velazquez,none
SYN_AAD_004647,Martin Johnson,2025-01-16,Hospital,accident,Ricky Jones,none
SYN_AAD_015032,Daniel Meadows,2024-05-04,Road,natural,Frank Flores,duplicate_aadhaar_diff_name
SYN_AAD_000841,Kathryn Martin,2024-03-25,Road,natural,John Brown,none
SYN_AAD_017387,Kathy Graham,2024-11-27,Home,unknown,Nicholas Hansen DDS,none
SYN_AAD_008144,Marie Long DDS,2025-05-18,Home,accident,Timothy Hall,none
SYN_AAD_005578,Steven Miller,2025-07-13,Road,accident,Christopher Davidson,none
SYN_AAD_003864,Isabel Rivera,2024-10-23,Hospital,unknown,Ryan Payne,duplicate_aadhaar_diff_name
SYN_AAD_010557,Adam Rodriguez,2025-03-17,Hospital,unknown,Ronald Scott,none
SYN_AAD_011803,Craig Reyes,2023-09-05,Hospital,unknown,Luke Williams,none
SYN_AAD_010666,Eric Morales,2023-09-30,Road,accident,John Reeves,none
SYN_AAD_000709,Trevor Pham,2025-02-20,Road,accident,Anthony Long,none
SYN_AAD_013112,Teresa Hodge,2024-10-25,Road,unknown,Jordan Sullivan,none
SYN_AAD_002666,Matthew Martin,2025-04-13,Home,accident,Sandra West,none
SYN_AAD_015601,Allison Walters,2024-10-06,Road,unknown,Teresa Daniels,none
SYN_AAD_003291,Barbara Brown,2023-11-16,Road,accident,Paul Richard,none
SYN_AAD_009859,Gabriela Russell,2025-04-21,Road,natural,Julie Butler,none
SYN_AAD_004691,Scott Anderson,2024-10-23,Road,unknown,Allen Webb,none
SYN_AAD_016535,Rachel Cole,2024-04-06,Hospital,natural,Timothy Webb,none
SYN_AAD_010999,Olivia Williams,2025-06-28,Hospital,accident,Daniel Smith,none
SYN_AAD_016078,Hannah Hall,2024-07-28,Home,natural,Carla Stevens,none
SYN_AAD_014623,Scott Chandler,2023-09-27,Hospital,accident,Heather Chapman,none
SYN_AAD_018374,Kim Warren,2024-10-16,Hospital,natural,David Fletcher,none
SYN_AAD_016411,Dr. Tyler Harvey PhD,2024-01-06,Hospital,unknown,Nathaniel Haynes,none
SYN_AAD_002930,Lori Martin,2025-07-11,Hospital,accident,Steven Salazar,none
SYN_AAD_000957,Jennifer Henderson,2025-02-16,Hospital,accident,Kelsey Cannon,none
SYN_AAD_008207,Dustin Taylor,2024-07-30,Home,natural,Justin Flores,none
SYN_AAD_008441,Rebecca Reed,2025-02-13,Road,accident,Billy Quinn,none
SYN_AAD_004044,Crystal Banks,2023-12-10,Road,natural,Gavin Hooper,duplicate_aadhaar_diff_name
SYN_AAD_017515,David Collins,2023-08-14,Road,unknown,Lydia Brown,none
SYN_AAD_016120,Jeff Sanchez,2025-04-08,Hospital,unknown,Dennis Rich,none
SYN_AAD_010905,James Gonzalez,2025-06-27,Hospital,unknown,Gwendolyn Compton,none
SYN_AAD_019683,James Marsh,2024-09-25,Hospital,unknown,Catherine Robinson,none
SYN_AAD_011246,Andrew Hill,2024-05-20,Home,unknown,Mitchell Singh,none
SYN_AAD_012505,Terri Harris,2025-06-18,Road,unknown,Charles Jones,none
SYN_AAD_008007,Peter Mercado,2024-03-26,Home,natural,Evelyn May MD,duplicate_aadhaar_diff_name
SYN_AAD_007325,Lynn Schmidt,2024-03-31,Home,natural,Mario Evans,none
SYN_AAD_009534,Brian Richardson,2023-12-15,Hospital,natural,Barbara Browning,none
SYN_AAD_002920,John Bishop,2025-07-12,Home,unknown,James Thompson,none
SYN_AAD_010004,Taylor Walker,2024-02-24,Hospital,unknown,Dan Lewis,duplicate_aadhaar_diff_name
SYN_AAD_003804,Lisa Khan,2024-05-29,Road,accident,Laura Wilson,none
SYN_AAD_004175,Aaron Marshall,2025-05-01,Home,accident,Jacob Acevedo,none
SYN_AAD_018904,Joseph Gates,2024-08-18,Road,natural,Cassandra Mcdaniel,none
SYN_AAD_010184,Gerald Owens,2025-07-02,Hospital,unknown,Debbie Singh,none
SYN_AAD_007555,Mrs. Kathy Taylor MD,2024-03-31,Hospital,accident,Cynthia Mendoza,none
SYN_AAD_000738,Melissa Orozco,2023-12-20,Home,accident,Patrick Huerta,duplicate_aadhaar_diff_name
SYN_AAD_004138,Tammie Welch,2023-08-22,Road,unknown,Noah Garza,none
SYN_AAD_019713,Alexander Lamb,2024-11-16,Road,natural,Dana Griffin,none
SYN_AAD_003492,Brian Burnett,2025-04-23,Home,natural,Amy Durham,none
SYN_AAD_017638,Melissa Johnson,2024-04-30,Home,accident,Billy Mejia,none
SYN_AAD_004741,Gregory Smith,2023-11-03,Home,natural,Emily Taylor,none
SYN_AAD_016378,Angela Williams DVM,2025-03-25,Road,accident,Thomas Castillo,none
SYN_AAD_004830,Roberta Weaver,2025-04-15,Road,accident,Shannon Hayden DDS,none
SYN_AAD_004779,Christopher Spencer,2025-07-02,Road,unknown,Paul Williamson,none
SYN_AAD_001125,Jacob Jefferson,2024-12-04,Road,accident,James Munoz,none
SYN_AAD_010121,Traci Wagner,2024-03-01,Road,unknown,Timothy Holland,none
SYN_AAD_004045,Donald Nelson,2024-02-27,Home,unknown,Martin Walker,none
SYN_AAD_018807,David Anthony DVM,2023-10-03,Home,unknown,Heather Richardson,none
SYN_AAD_007068,Tammy Morris,2024-11-19,Home,accident,Linda Bryant,none
SYN_AAD_012343,John Kim,2025-07-07,Hospital,accident,Katherine Hubbard,none
SYN_AAD_005003,Leslie Johnson,2024-04-12,Road,natural,Mr. Matthew Burke MD,none
SYN_AAD_007375,Jean Hamilton,2024-08-10,Road,unknown,Mario Williams,none
SYN_AAD_001722,Lisa Blair,2024-09-30,Hospital,accident,Aaron Campbell,none
SYN_AAD_016404,Laura Hester,2024-05-02,Home,unknown,Jessica Johnson,none
SYN_AAD_005216,Henry Arnold,2024-06-25,Hospital,unknown,Tracey Coleman,none
SYN_AAD_012854,Luis Lewis,2024-04-06,Home,accident,Susan Long,none
SYN_AAD_018649,Erin Miller,2023-12-23,Home,accident,Brandon Carter,none
SYN_AAD_001994,Matthew James,2025-05-24,Hospital,unknown,Suzanne Fox,none
SYN_AAD_009274,Bianca Ramirez,2024-11-06,Home,unknown,Jonathan Mcgrath,none
SYN_AAD_006392,Cynthia Sullivan,2024-02-14,Road,unknown,Robert Davidson,none
SYN_AAD_012903,Jesse Blair,2024-11-12,Hospital,natural,Rodney Sharp,none
SYN_AAD_003191,Michael Cox,2025-04-04,Road,natural,Steven Tucker,none
SYN_AAD_009963,Kristin Brady,2025-02-26,Home,unknown,Thomas Moore,none
SYN_AAD_005363,Christopher Rivera,2025-05-08,Road,natural,Sandra Barnes,none
SYN_AAD_019152,Sarah Williams,2025-01-05,Road,accident,Frederick Jackson Jr.,none
SYN_AAD_014564,Sherry Hernandez,2024-10-21,Hospital,natural,Sarah Patterson,duplicate_aadhaar_diff_name
SYN_AAD_007147,Christine Weber,2024-08-31,Road,natural,Shane Clements,none
SYN_AAD_000299,Amy Brown,2024-02-02,Home,unknown,Gina Johnson,none
SYN_AAD_007400,Traci Pacheco,2024-05-04,Hospital,unknown,Angela Anderson,duplicate_aadhaar_diff_name
SYN_AAD_004836,Justin Flores,2025-07-02,Home,accident,Ryan Daniels,none
SYN_AAD_005512,Willie Lowe,2024-11-26,Hospital,natural,Jaime Wright,none
SYN_AAD_011651,Duane Jones,2023-11-21,Home,natural,Nicole Johnson,none
SYN_AAD_003306,Hector Johnson,2025-04-17,Hospital,unknown,Dennis Russell,none
SYN_AAD_011091,Kyle Fox,2024-01-05,Road,accident,Joseph Curtis,none
SYN_AAD_004868,Yesenia Orozco,2024-01-05,Road,unknown,Melissa Williams,none
SYN_AAD_018307,Edward Johnson,2023-10-17,Hospital,natural,Renee Williams,duplicate_aadhaar_diff_name
SYN_AAD_003892,William Rojas,2025-01-19,Hospital,accident,Jonathan Brooks,none
SYN_AAD_016011,Joseph Turner,2024-07-02,Home,unknown,Sharon Brown,none
SYN_AAD_019534,Alan Jacobs,2024-01-13,Hospital,unknown,John Tran,none
SYN_AAD_012300,Christopher Kerr,2023-09-05,Road,unknown,Tara Washington,none
SYN_AAD_010884,Matthew Jefferson,2024-08-01,Home,unknown,Jordan Castaneda,duplicate_aadhaar_diff_name
SYN_AAD_012520,Troy Bennett,2024-05-15,Home,unknown,Gary Blackwell,none
SYN_AAD_014585,Steven Gordon,2024-11-30,Home,natural,Scott Wright,none
SYN_AAD_016230,Robert Lee,2025-07-12,Hospital,natural,James Harris,duplicate_aadhaar_diff_name
SYN_AAD_003999,Daniel Carson,2024-10-02,Home,unknown,Nicole Lee,none
SYN_AAD_016703,Matthew Koch,2024-01-18,Hospital,natural,Patrick Jones,none
SYN_AAD_019229,Kelly Rogers,2025-04-13,Road,unknown,Alexander Bennett,none
SYN_AAD_015712,Charles Flynn,2023-08-23,Home,unknown,Douglas Rodriguez,none
SYN_AAD_009633,Sheila Garcia,2024-04-05,Road,natural,Karen Moore,duplicate_aadhaar_diff_name
SYN_AAD_012581,Sue Fisher,2024-03-20,Home,unknown,Dana Zhang,none
SYN_AAD_014210,Jody Koch,2025-07-04,Home,unknown,Danielle Thompson,none
SYN_AAD_004103,Jeffrey Murphy,2024-08-17,Hospital,accident,Haley Estrada,none
SYN_AAD_002080,Patrick Hampton,2024-05-18,Road,unknown,Christine Murray,none
SYN_AAD_006058,James White,2024-03-04,Home,unknown,Pamela Morrison,none
SYN_AAD_000647,Michael Wilcox,2024-11-11,Home,unknown,Elizabeth Morrison,none
SYN_AAD_008845,Janet Hardy,2024-12-09,Road,accident,Nicole Graves,none
SYN_AAD_002094,Russell Long,2024-03-26,Road,unknown,Mrs. Patricia Thomas DVM,none
SYN_AAD_017661,David Schmitt,2023-12-21,Road,unknown,Christopher Liu,none
SYN_AAD_004846,Kelsey Simpson,2024-05-21,Hospital,unknown,Johnny Smith,none
SYN_AAD_003844,Kevin Gill,2024-11-19,Hospital,unknown,Pamela Martinez,none
SYN_AAD_005896,Jaime Mcmillan,2025-03-15,Hospital,unknown,Meghan Perez,none
SYN_AAD_014654,Peter Benton DVM,2025-03-11,Home,natural,Jonathan Johnson,none
SYN_AAD_001282,Emily Jones,2024-08-21,Hospital,unknown,Amanda Reid,none
SYN_AAD_006757,Michael Henderson,2025-01-15,Road,natural,Jason Walker,none
SYN_AAD_002877,Paul Matthews,2023-11-19,Road,accident,Nichole Cruz,none
SYN_AAD_017318,Beverly Olsen,2024-08-24,Hospital,natural,Matthew Robbins,duplicate_aadhaar_diff_name
SYN_AAD_016585,Mary Harris,2023-11-17,Home,accident,Nicole Burns,none
SYN_AAD_009657,Judith Phillips,2024-05-13,Hospital,accident,Jenny Wilkerson,duplicate_aadhaar_diff_name
SYN_AAD_000002,Katie Bailey,2025-03-10,Hospital,accident,Michael Diaz,none
SYN_AAD_001512,Jason Heath,2024-06-29,Road,accident,Lauren Turner,none
SYN_AAD_017501,David Villa,2024-02-13,Home,natural,Jason Smith,none
SYN_AAD_005080,Jacqueline Wilson,2024-06-28,Home,unknown,Terry Robinson,none
SYN_AAD_010254,Jennifer Lopez,2023-11-22,Road,accident,Jacob Jones,none
SYN_AAD_013078,James Powell,2024-11-14,Road,unknown,Travis Davidson,none
SYN_AAD_006876,Keith Singleton,2025-07-04,Road,natural,Ryan Lyons,none
SYN_AAD_011620,John Torres,2024-08-20,Hospital,natural,Samantha Burton,none
SYN_AAD_008494,Michael Trujillo,2024-02-02,Hospital,accident,Christopher Sims,duplicate_aadhaar_diff_name
SYN_AAD_015979,Jacob Andrade,2025-05-18,Hospital,unknown,Catherine Bailey DDS,duplicate_aadhaar_diff_name
SYN_AAD_018090,David Young,2023-11-13,Hospital,unknown,Douglas Willis,none
SYN_AAD_011765,Alexandra Freeman,2024-01-17,Home,natural,Nicole Davis,none
SYN_AAD_015458,Sean Sullivan,2025-01-22,Hospital,unknown,Sara Cox,duplicate_aadhaar_diff_name
SYN_AAD_008354,Robert Smith,2025-04-15,Home,accident,Corey Gutierrez,none
SYN_AAD_005351,John Davidson,2024-05-12,Home,accident,James Oliver IV,none
SYN_AAD_002728,Kelly Mcbride,2023-08-13,Home,unknown,Sheryl Massey,none
SYN_AAD_013937,Claire Garner,2024-08-10,Road,natural,Daniel Anderson,none
SYN_AAD_017560,Carrie Wallace,2025-06-13,Hospital,natural,Jane Goodman,none
SYN_AAD_008827,Michael Perez,2024-05-03,Road,unknown,Angela Hawkins,none
SYN_AAD_004126,Yolanda Diaz,2025-05-21,Road,accident,April Cameron,duplicate_aadhaar_diff_name
SYN_AAD_018469,Megan Cortez,2024-04-23,Road,unknown,Victoria Levy,none
SYN_AAD_009374,Dana Ward,2024-12-28,Road,natural,Shelly Mckinney,duplicate_aadhaar_diff_name
SYN_AAD_016258,Meghan Johnson,2023-10-12,Hospital,accident,Robert Johnson,duplicate_aadhaar_diff_name
SYN_AAD_014209,Marcia Coleman,2024-06-12,Home,natural,Matthew Mays,none
SYN_AAD_019779,Christopher Jones,2024-02-19,Hospital,natural,Trevor Nguyen,none
SYN_AAD_000906,Gabrielle Lee,2025-01-24,Hospital,unknown,Anthony Thompson DDS,none
SYN_AAD_003604,Willie Wall,2024-08-27,Road,unknown,Gregory Barker,none
SYN_AAD_005703,Ashley Harris,2025-02-13,Hospital,accident,Grant Bruce,none
SYN_AAD_002915,Michael Perry,2025-05-18,Home,accident,Mark Williams,none
SYN_AAD_001737,Jill Leblanc,2024-05-24,Hospital,natural,Jesse Brown,duplicate_aadhaar_diff_name
SYN_AAD_008966,Beth Hodge,2024-06-16,Hospital,natural,Duane Dickerson,none
SYN_AAD_012358,Joshua Jones,2024-05-14,Hospital,accident,Nathaniel Huber,none
SYN_AAD_003440,Jonathan Jackson,2023-08-15,Hospital,natural,Angela Martinez,none
SYN_AAD_017251,Jessica Gutierrez,2024-10-31,Road,accident,James Miller,none
SYN_AAD_019294,Jessica Combs,2023-11-26,Home,natural,Whitney Benjamin,none
SYN_AAD_017332,Renee Hughes,2025-05-25,Home,unknown,Erin Adams,none
SYN_AAD_018748,Mary Johnson,2025-06-07,Home,unknown,Kristine Hoffman,none
SYN_AAD_008881,Richard Lopez,2025-06-04,Road,natural,Dawn Garrison,none
SYN_AAD_004514,Roy Hatfield,2025-06-12,Hospital,accident,Nathan Young,none
SYN_AAD_012765,Sarah Cooper,2024-05-02,Hospital,accident,Norman Keith,none
SYN_AAD_017422,Steven Rosales,2025-02-03,Road,unknown,Gregory Ross,none
SYN_AAD_002275,Aaron Mercado,2024-10-23,Home,unknown,Valerie Mueller,duplicate_aadhaar_diff_name
SYN_AAD_004180,Timothy Garza,2024-01-05,Home,natural,Adrian Wilson,none
SYN_AAD_016828,Angie Walsh,2023-09-04,Road,natural,Brian Hampton,none
SYN_AAD_004140,Jennifer Thornton,2024-08-28,Hospital,accident,Whitney Gonzales,none
SYN_AAD_012337,Charles Barrera,2025-07-13,Road,accident,Mark Lewis,none
SYN_AAD_013445,Ariel Jones,2023-08-20,Road,unknown,Laura Simmons,none
SYN_AAD_012129,Jessica Robinson,2023-12-17,Road,natural,Christina Wallace,none
SYN_AAD_019945,David Walker,2025-07-07,Home,unknown,Jason Smith,none
SYN_AAD_015611,Christopher Herring,2024-05-07,Hospital,accident,Scott Henry,duplicate_aadhaar_diff_name
SYN_AAD_011599,Scott Lee,2024-06-23,Home,unknown,Andrew Green PhD,none
SYN_AAD_002109,Crystal Riddle,2025-02-25,Home,accident,Leslie Newton,duplicate_aadhaar_diff_name
SYN_AAD_017058,William Shannon,2024-12-31,Road,natural,Nicole Allen,none
SYN_AAD_010000,Nicole Holmes,2024-09-05,Road,natural,Caleb Horn,none
SYN_AAD_015871,Kevin Landry,2024-11-12,Home,accident,Jenny Khan,duplicate_aadhaar_diff_name
SYN_AAD_006008,Katherine Ware,2024-09-09,Road,natural,Melissa Elliott,duplicate_aadhaar_diff_name
SYN_AAD_013370,Elizabeth Atkinson,2025-04-08,Road,natural,Bryan Stewart,none
SYN_AAD_003068,Patricia Smith,2023-08-31,Hospital,unknown,Kevin Brown,none
SYN_AAD_006837,Michael Saunders,2024-09-08,Hospital,unknown,Deanna Alexander,duplicate_aadhaar_diff_name
SYN_AAD_009366,Crystal Parker,2024-08-31,Road,accident,Ryan Mullins,none
SYN_AAD_000350,Kenneth Montes,2024-10-15,Home,unknown,Ashley Rodriguez,none
SYN_AAD_016668,Theresa Gray,2023-10-03,Road,natural,Briana Harris,none
SYN_AAD_001686,Edward Randolph,2024-10-05,Home,unknown,Mary Mckinney,none
SYN_AAD_017445,Barry Miller,2025-07-13,Road,natural,Amanda Campos,none
SYN_AAD_018875,Shannon Smith,2024-03-27,Hospital,unknown,Kenneth Brown,none
SYN_AAD_006231,Justin Howell,2025-03-07,Road,natural,Amanda Vega,none
SYN_AAD_013925,Brenda Grant,2025-02-13,Road,unknown,Jason Mcdonald,none
SYN_AAD_011306,Amanda Chen,2025-05-18,Hospital,unknown,Nicholas Ray,none
SYN_AAD_004170,Zachary Jones,2024-01-15,Road,unknown,Sandra Smith,none
SYN_AAD_001387,Logan Beltran,2024-10-12,Road,accident,Joel Roberts,none
SYN_AAD_005522,Cheyenne Rice,2024-09-11,Road,unknown,David Vaughn,none
SYN_AAD_007375,Christine Hanson,2025-01-24,Hospital,natural,Michele White,none
SYN_AAD_012027,Dana Jackson,2023-08-15,Hospital,unknown,Gregory Parker,none
SYN_AAD_011576,Gabriel Walker,2025-05-13,Hospital,accident,Angela Harrison,none
SYN_AAD_016236,Glenn Calderon,2024-06-22,Home,natural,Katherine Watkins,none
SYN_AAD_009073,Dr. Robin Hansen,2024-11-25,Hospital,accident,Andrew Perez,none
SYN_AAD_008184,Kerry Haas,2024-07-21,Road,natural,Jeffrey Johnson,none
SYN_AAD_009504,Nicole Lopez,2025-01-20,Home,accident,Christine Smith,none
SYN_AAD_009618,Joseph Rodriguez,2025-06-19,Home,natural,Deborah Harper,none
SYN_AAD_000073,Carrie Morris,2025-03-17,Road,unknown,Amy Mclean,none
SYN_AAD_012842,Bryan Ellis,2024-02-28,Home,natural,Anna Mcgee,duplicate_aadhaar_diff_name
SYN_AAD_009988,Jesse Cannon,2024-05-14,Road,unknown,Eric Roman,none
SYN_AAD_001160,Tiffany Holmes,2023-12-03,Home,unknown,Mrs. Michelle Pena,none
SYN_AAD_015999,Laura Williams,2023-11-07,Hospital,accident,Holly Garcia,none
SYN_AAD_012265,Raymond James,2024-07-13,Road,accident,David Hall,duplicate_aadhaar_diff_name
SYN_AAD_010765,Angela Stevens,2024-03-21,Home,accident,Kathleen Johnson,none
SYN_AAD_003511,Matthew Potter,2025-05-30,Hospital,accident,Alexandra Franklin MD,none
SYN_AAD_006100,Wendy Villarreal,2024-02-01,Home,accident,Franklin Brown,none
SYN_AAD_000290,Erica Benton,2023-09-21,Hospital,accident,Mario Francis,none
SYN_AAD_004605,Jamie Watts,2025-06-05,Hospital,natural,Joshua Hernandez,none
SYN_AAD_017337,Wesley Ward,2024-03-15,Road,natural,Jodi Morgan,none
SYN_AAD_013458,Spencer Rogers,2024-08-11,Hospital,accident,Teresa Little,none
SYN_AAD_000226,Joseph Smith,2024-12-20,Hospital,unknown,Christopher Adams,none
SYN_AAD_008196,Shelly Thomas,2023-10-19,Hospital,accident,Maurice Burgess,none
SYN_AAD_012955,Christopher Spears,2024-09-12,Home,accident,Jamie Walls,none
SYN_AAD_011943,Danielle Butler,2025-04-28,Home,natural,Steven Lewis,none
SYN_AAD_017577,Daniel Hawkins,2024-12-29,Home,natural,Julie Todd PhD,none
SYN_AAD_012642,Heather Cunningham,2025-06-16,Road,accident,Bryce Bishop,duplicate_aadhaar_diff_name
SYN_AAD_005302,Kenneth Ramirez,2025-04-02,Hospital,accident,Tonya Fitzpatrick,none
SYN_AAD_014220,Brenda Molina,2023-08-12,Hospital,accident,Pamela Wyatt,none
SYN_AAD_018926,David Riley,2025-06-15,Hospital,natural,Susan Ward,none
SYN_AAD_009335,Donald Bridges,2024-11-30,Hospital,natural,Joshua Moreno,none
SYN_AAD_012928,Cynthia Green,2023-08-14,Home,unknown,David Morales,none
SYN_AAD_010853,Tanner Moore,2023-12-07,Hospital,natural,Connor Contreras,none
SYN_AAD_013779,Alexa Riggs,2024-11-04,Home,unknown,Kimberly James,none
SYN_AAD_008709,Jeffery Mcguire,2024-11-07,Hospital,accident,Martha Davis,none
SYN_AAD_016025,Patrick Richardson,2024-09-22,Road,accident,Samuel Russell,none
SYN_AAD_004175,Jasmin Horne,2024-01-22,Home,accident,James Jennings,none
SYN_AAD_016444,Shelley Medina,2024-01-22,Road,unknown,Christopher Ward,none
SYN_AAD_012741,Joseph Moody,2024-12-21,Hospital,natural,John Golden,none
SYN_AAD_003534,Daniel Sanders,2024-02-17,Hospital,natural,Julian Hughes,none
SYN_AAD_005096,Christopher Long,2025-07-04,Home,unknown,Randy Young,none
SYN_AAD_013792,Samuel Graham,2023-09-19,Road,natural,Rhonda Patton,duplicate_aadhaar_diff_name
SYN_AAD_001705,Diana Miller,2023-10-21,Road,accident,Zachary King,none
SYN_AAD_004036,Courtney Osborn,2023-09-07,Road,unknown,Brandon Reeves,none
SYN_AAD_010325,Bradley Kennedy,2024-05-29,Home,accident,William Maddox,duplicate_aadhaar_diff_name
SYN_AAD_013863,Timothy Young,2023-10-07,Home,accident,Aaron Reid,duplicate_aadhaar_diff_name
SYN_AAD_001792,Jeremy Miller,2024-05-31,Home,natural,Steven Bell,duplicate_aadhaar_diff_name
SYN_AAD_004996,Ashley Smith,2024-04-10,Road,unknown,Angela Reyes,none
SYN_AAD_009041,Emily Meadows,2023-09-27,Hospital,accident,James Smith,duplicate_aadhaar_diff_name
SYN_AAD_002214,Kelli Williamson,2024-03-02,Home,unknown,Gabriela Dixon,duplicate_aadhaar_diff_name
SYN_AAD_008105,Ashley Carson,2024-06-01,Road,accident,Brandi Collins,none
SYN_AAD_006501,Alexander Price,2024-08-27,Home,unknown,Donna Hatfield,none
SYN_AAD_003377,Connie Carey,2025-07-18,Road,unknown,Gregory Golden,none
SYN_AAD_016460,Denise Prince,2025-04-04,Road,natural,Chloe Adams,none
SYN_AAD_006182,Russell Murray,2025-04-24,Road,unknown,Tim Mcdaniel,none
SYN_AAD_004873,Lisa Brooks,2023-12-21,Hospital,natural,Matthew Mooney,none
SYN_AAD_004335,Nicole Pittman,2024-07-13,Home,natural,David Morgan,none
SYN_AAD_008973,Mary Parsons,2024-09-03,Hospital,natural,Dawn Andrews,none
SYN_AAD_013969,David Patrick,2023-12-22,Hospital,unknown,Rebecca Tran,none
SYN_AAD_016348,Kayla Hill,2023-12-11,Hospital,natural,Richard Romero,duplicate_aadhaar_diff_name
SYN_AAD_012463,Kimberly Kelly,2024-12-31,Home,unknown,Jordan Villarreal,none
SYN_AAD_010041,Brenda Kirk,2025-06-20,Road,unknown,Aaron Stanton,none
SYN_AAD_004826,Lawrence Martin,2023-09-16,Hospital,accident,Olivia Woods,none
SYN_AAD_013961,Micheal Ramirez,2025-07-25,Home,natural,Crystal Burke,none
SYN_AAD_008741,Henry Matthews,2025-03-16,Home,unknown,Angel Campos,duplicate_aadhaar_diff_name
SYN_AAD_001692,Mr. Robert Kramer,2024-02-14,Home,natural,Katie Campbell,none
SYN_AAD_008822,Thomas Rush,2025-01-20,Home,accident,Karen Long,none
SYN_AAD_011502,Kyle Vargas,2023-12-09,Road,accident,Kristina Kelly,none
SYN_AAD_008092,Cheryl Galloway,2024-09-21,Home,natural,David Davis,none
SYN_AAD_005955,Mary Gallegos,2024-11-12,Hospital,natural,Kaylee Burnett,none
SYN_AAD_001708,Anthony Gallegos,2025-08-09,Road,unknown,Sarah Guerrero,none
SYN_AAD_010539,Alexis Edwards,2024-10-17,Hospital,accident,Daniel Freeman,none
SYN_AAD_006565,Cynthia Adams,2024-03-23,Home,unknown,Kenneth Hall,duplicate_aadhaar_diff_name
SYN_AAD_003301,Benjamin Martinez,2025-08-10,Home,natural,Miguel Johnson,none
SYN_AAD_008266,Heather Rice,2025-07-03,Home,accident,Destiny Vaughan,none
SYN_AAD_010953,Michael Tucker,2024-01-20,Home,natural,Richard George,none
SYN_AAD_003174,Tracy Ramos,2024-01-29,Road,natural,Nicholas Saunders,none
SYN_AAD_018080,Rebecca Baker,2023-12-04,Hospital,accident,Brian Smith,none
SYN_AAD_011815,Kristopher Mason,2023-12-09,Road,accident,Scott Gibbs,none
SYN_AAD_012813,Laurie Campbell,2024-04-05,Road,unknown,David Diaz,none
SYN_AAD_014381,Janice Conner,2025-02-12,Hospital,unknown,William Brooks,duplicate_aadhaar_diff_name
SYN_AAD_009042,Jessica Castro,2024-10-19,Hospital,unknown,Claire Yang,none
SYN_AAD_012584,James Mills,2024-08-03,Hospital,natural,Dennis Holland,none
SYN_AAD_004275,George Freeman,2025-06-30,Road,unknown,Leonard Suarez,none
SYN_AAD_019295,John Riggs,2024-01-21,Hospital,natural,Pamela Howard,duplicate_aadhaar_diff_name
SYN_AAD_011370,Adam Estrada,2025-06-01,Road,natural,Joseph Medina,duplicate_aadhaar_diff_name
SYN_AAD_006321,Christopher Shaffer,2025-05-22,Road,accident,David Bush,none
SYN_AAD_003232,Bradley Harvey,2024-11-21,Hospital,unknown,Nathan Gibson MD,none
SYN_AAD_011236,Christina Booth,2024-07-26,Home,unknown,Amanda Hodges,none
SYN_AAD_015538,Amanda Bird,2024-08-02,Hospital,unknown,Lindsey Diaz,none
SYN_AAD_005035,Vanessa Rogers,2024-08-18,Hospital,natural,Crystal Cruz,none
SYN_AAD_006281,Amanda Gonzalez,2025-01-26,Home,unknown,Greg Harris,none
SYN_AAD_008274,Kimberly Sweeney,2024-11-04,Road,accident,Anthony Grimes,none
SYN_AAD_011993,Robert Thornton,2024-08-31,Home,unknown,Emily Weber,none
SYN_AAD_003847,Daniel Wells,2025-02-16,Home,natural,Renee Hurst,none
SYN_AAD_015821,Rebecca Bryant,2024-07-29,Home,unknown,Megan Coleman,none
SYN_AAD_015332,Anne Smith,2024-09-08,Hospital,natural,David Wright,duplicate_aadhaar_diff_name
SYN_AAD_015605,Joseph Figueroa,2025-06-09,Home,unknown,Zachary Stark,duplicate_aadhaar_diff_name
SYN_AAD_004224,Timothy Rodriguez,2023-12-02,Home,natural,Robert Benson,none
SYN_AAD_018552,Andrea Novak,2025-05-26,Hospital,unknown,Sara Martin,none
SYN_AAD_003979,Justin Davidson MD,2024-05-23,Road,accident,Carmen Ray,none
SYN_AAD_012036,Albert Barr,2023-09-01,Road,unknown,Ebony Ball,duplicate_aadhaar_diff_name
SYN_AAD_016825,Zachary Osborne,2025-06-22,Hospital,natural,John Perez,none
SYN_AAD_014344,Diana Bryant,2024-06-30,Road,accident,Joseph Richardson,none
SYN_AAD_018431,Johnny Snyder,2023-11-15,Home,accident,Marcus Scott,none
SYN_AAD_008560,Kiara Barnes,2025-03-16,Home,natural,Aaron Francis,duplicate_aadhaar_diff_name
SYN_AAD_006031,Richard Wood,2023-09-16,Hospital,natural,Raymond Cooley,none
SYN_AAD_018739,Jay Novak,2023-09-12,Hospital,unknown,William Tucker,none
SYN_AAD_018915,Kelly Martin,2025-03-03,Road,accident,Mary Rivera,none
SYN_AAD_016509,Brittany Bradshaw,2025-03-10,Road,unknown,Zachary Dawson,none
SYN_AAD_017205,Natalie Hernandez,2025-06-12,Home,accident,Robert May,none
SYN_AAD_007219,Melissa Burnett,2024-06-23,Home,unknown,Sherri Braun,none
SYN_AAD_008798,Todd Hicks,2025-05-22,Road,natural,Justin Good,none
SYN_AAD_005606,Monica Blevins,2024-08-22,Hospital,natural,Susan Franco,none
SYN_AAD_009827,William Garner,2023-11-30,Hospital,accident,Miguel Brown,none
SYN_AAD_001280,Robert Stevens,2024-10-18,Road,natural,Miguel Smith,none
SYN_AAD_009101,Karen Hebert,2025-02-06,Hospital,accident,Antonio Middleton,none
SYN_AAD_012534,Troy Brown,2024-03-26,Road,natural,Steven Ortiz,none
SYN_AAD_017016,Jessica Foster,2024-08-19,Road,natural,April Rodriguez,duplicate_aadhaar_diff_name
SYN_AAD_015505,Terri Frank,2025-03-04,Road,accident,Ashley Jordan,duplicate_aadhaar_diff_name
SYN_AAD_019829,Erika Jenkins,2025-04-21,Home,accident,Cassandra Horton,none
SYN_AAD_002727,Nathan Rangel,2025-01-27,Road,unknown,Jorge Soto,none
SYN_AAD_008652,Dr. Joel Taylor,2025-06-13,Road,natural,Stephen Johnson,none
SYN_AAD_018301,Tara Nguyen,2024-06-14,Road,accident,Wendy Andrews,duplicate_aadhaar_diff_name
SYN_AAD_010637,Eric Fisher,2025-06-30,Hospital,unknown,Mr. Anthony Campbell,none
SYN_AAD_000341,Virginia Hunt,2024-12-31,Home,natural,Dan Oliver,none
SYN_AAD_009164,Terry Flores,2025-04-20,Hospital,accident,Amanda Li,none
SYN_AAD_000512,Austin Scott,2025-02-06,Road,unknown,Wanda Perez,none
SYN_AAD_019112,Brittney Townsend,2023-09-24,Hospital,unknown,Michelle Reyes,none
SYN_AAD_012516,Wayne Mitchell,2023-08-15,Road,accident,Noah White,none
SYN_AAD_001823,Linda Bailey,2025-06-11,Road,natural,Keith Walker,duplicate_aadhaar_diff_name
SYN_AAD_014489,Christopher Burch,2025-03-12,Hospital,accident,Benjamin Pierce,none
SYN_AAD_008807,Julian Jones,2024-09-18,Hospital,unknown,Gary Walker,none
SYN_AAD_012958,James Drake,2025-06-07,Hospital,accident,Taylor Valdez,none
SYN_AAD_007593,Howard Collier,2023-11-23,Road,unknown,Ethan Johnson,none
SYN_AAD_014218,Nicholas Wade,2024-09-01,Home,natural,Victor Moore,none
SYN_AAD_019305,Karina Patterson,2024-08-28,Hospital,accident,Debra Davis,duplicate_aadhaar_diff_name
SYN_AAD_005947,Hailey Nunez,2024-11-06,Home,natural,Tracy Payne,none
SYN_AAD_005770,Christopher Peck,2024-10-20,Hospital,unknown,Chris Ross,none
SYN_AAD_009524,Alexander Reyes,2024-01-04,Road,natural,Gregory Diaz,none
SYN_AAD_009242,Dr. Kevin Campos,2025-02-01,Hospital,accident,Angela Richards,none
SYN_AAD_005338,Joseph Matthews,2024-01-28,Hospital,accident,William Gibson,none
SYN_AAD_004138,Kenneth Thompson,2025-06-16,Hospital,natural,Matthew Caldwell,duplicate_aadhaar_diff_name
SYN_AAD_004702,Katherine Watts,2023-11-06,Hospital,accident,Derrick Hines,none
SYN_AAD_008036,Michael Jones,2023-12-05,Home,unknown,Regina Reynolds,none
SYN_AAD_013189,Chris Thomas,2025-05-30,Hospital,unknown,Deborah Koch,none
SYN_AAD_017261,Patrick Hicks,2023-08-13,Hospital,unknown,Joseph Rodriguez,none
SYN_AAD_000386,Jessica Gilbert,2024-09-30,Road,natural,Raymond Peters,none
SYN_AAD_012382,Mary Sanchez,2025-03-30,Home,natural,Elizabeth Wade,none
SYN_AAD_003605,Maria Cardenas,2025-06-26,Hospital,unknown,Chad Morales,none
SYN_AAD_017041,Robert Graham,2023-08-18,Hospital,natural,Kelly Smith,duplicate_aadhaar_diff_name
SYN_AAD_007325,Johnny Andrade,2023-08-21,Home,natural,Matthew Hays,duplicate_aadhaar_diff_name
SYN_AAD_019648,Bryan Smith,2024-01-27,Hospital,natural,Ryan Morgan,none
SYN_AAD_003484,Ryan Rodriguez,2025-02-22,Road,unknown,Gina Pollard,none
SYN_AAD_017881,Gloria May,2025-02-21,Road,natural,Jessica Pham,none
SYN_AAD_006629,Madison Ali,2025-04-07,Hospital,accident,Barry Jenkins,none
SYN_AAD_006072,Carrie Wilson,2023-11-26,Home,natural,Angela Gaines,duplicate_aadhaar_diff_name
SYN_AAD_010072,Susan Estes,2025-05-17,Home,accident,David Wagner,none
SYN_AAD_016994,Erika Ruiz,2024-10-24,Hospital,natural,Cheryl Waters,duplicate_aadhaar_diff_name
SYN_AAD_017810,Robert Adams,2024-09-10,Road,accident,Rachel Baker,none
SYN_AAD_014223,Misty George,2025-05-31,Hospital,natural,Aaron Lane,none
SYN_AAD_001459,Danny Ramsey,2024-02-29,Hospital,unknown,Jaclyn Schmitt,none
SYN_AAD_009723,Mike Savage,2025-03-23,Hospital,unknown,Hector Jefferson,none
SYN_AAD_013608,Lynn Clark,2024-03-20,Hospital,natural,Loretta Atkinson,none
SYN_AAD_000965,Timothy Hudson,2025-03-19,Hospital,natural,Matthew Sanders,none
SYN_AAD_014977,Joseph Thomas,2025-02-24,Home,natural,Kristy Morris,none
SYN_AAD_011577,Beverly Martinez,2024-02-03,Road,accident,Zachary Kaiser,none
SYN_AAD_007401,Veronica Tran,2024-08-25,Road,accident,Brandon Lopez,none
SYN_AAD_016643,Angel Vincent,2024-05-20,Home,natural,Tara Cox,duplicate_aadhaar_diff_name
SYN_AAD_009451,Jeremy Martinez,2025-02-15,Road,natural,Diana Snyder,death_after_activity
SYN_AAD_000850,Jodi Williams,2023-10-28,Home,accident,Charles Rodriguez,death_after_activity
SYN_AAD_007242,Matthew Gross,2025-05-13,Home,natural,Morgan Pearson,death_after_activity
SYN_AAD_012152,Kara Dunlap,2024-04-30,Hospital,accident,Jennifer Allen,death_after_activity
SYN_AAD_018466,Margaret Townsend,2023-09-16,Home,natural,Donna Holt,death_after_activity
SYN_AAD_011885,Hannah Austin,2023-09-22,Road,unknown,Mario Thomas,death_after_activity
SYN_AAD_009542,David Ritter,2023-10-24,Home,accident,Joel Greene,death_after_activity
SYN_AAD_010048,David Ball,2023-09-22,Road,natural,Joshua Strickland,death_after_activity
SYN_AAD_005187,Rebecca Wyatt,2024-09-01,Road,unknown,Jonathan Castillo,death_after_activity
SYN_AAD_018600,Timothy Henderson,2024-01-31,Hospital,natural,Ariana Oliver,death_after_activity
SYN_AAD_009985,Tony Thornton,2024-11-16,Road,accident,Dr. Jill Chavez MD,death_after_activity
SYN_AAD_015574,Justin Castaneda,2025-07-06,Road,accident,Eric Williams,death_after_activity
SYN_AAD_014413,Mary Schwartz,2024-04-30,Home,natural,Phyllis Wolf,death_after_activity
SYN_AAD_009662,Jared Gibbs,2023-09-14,Home,natural,Amy Reed,death_after_activity
SYN_AAD_005060,Brittany Frederick,2025-03-06,Hospital,accident,Rachel Myers,death_after_activity
SYN_AAD_004212,Kristen Hall,2024-12-17,Hospital,unknown,Deanna Smith,death_after_activity
SYN_AAD_004801,Shawn Myers,2023-10-21,Home,natural,Virginia Ryan,death_after_activity
SYN_AAD_019904,Steven Mullins,2025-06-22,Home,natural,Brittany Armstrong,death_after_activity
SYN_AAD_009579,Ryan Melendez,2023-09-20,Road,natural,Stephanie Fischer,death_after_activity
SYN_AAD_012590,Leroy Williams,2023-09-25,Road,accident,Nicole Underwood,death_after_activity
SYN_AAD_008431,Christopher Nguyen,2023-08-22,Hospital,unknown,Gregory Walker,death_after_activity
SYN_AAD_007468,Vanessa Moss,2025-05-23,Home,natural,Jeffrey Munoz,death_after_activity
SYN_AAD_000917,Sarah Harris,2024-12-25,Road,natural,Elizabeth Miller,death_after_activity
SYN_AAD_006935,Jane Hall,2024-10-12,Hospital,natural,Ashley West,death_after_activity
SYN_AAD_019111,Raymond Payne,2023-09-12,Home,unknown,Jessica Turner,death_after_activity
SYN_AAD_009927,Julie Garcia,2024-09-08,Road,accident,Brenda Smith,death_after_activity
SYN_AAD_004861,Angela Cole,2024-11-27,Hospital,accident,Dustin Wade,death_after_activity
SYN_AAD_019144,Brett Jones,2025-02-26,Home,natural,Jennifer Henderson,death_after_activity
SYN_AAD_000395,Mary Hughes,2025-02-23,Road,unknown,Kristopher Hill,death_after_activity
SYN_AAD_008500,Emily Cooper,2024-07-04,Home,natural,Dennis Hart,death_after_activity
SYN_AAD_011932,Dale Herrera,2024-12-26,Hospital,accident,Jeanette Moore,death_after_activity
SYN_AAD_016665,Ronald Richards,2025-06-07,Road,accident,Larry Johnson,death_after_activity
SYN_AAD_016935,Raymond Ross,2024-09-28,Road,natural,Paul Brown,death_after_activity
SYN_AAD_013298,Angela Ferrell,2024-05-11,Home,natural,James Berry,death_after_activity
SYN_AAD_015629,Kelly Fry,2025-06-07,Road,unknown,Mr. Douglas Zimmerman IV,death_after_activity
SYN_AAD_005583,Julie Hampton,2023-10-06,Road,unknown,Catherine Black,death_after_activity
SYN_AAD_011279,Zachary Chandler,2025-04-19,Hospital,natural,Christopher Walsh,death_after_activity
SYN_AAD_005107,Jeremy White,2024-01-16,Hospital,unknown,Shelley Rich,death_after_activity
SYN_AAD_019239,Laurie Nunez,2024-10-26,Hospital,natural,Jodi Higgins,death_after_activity
SYN_AAD_016419,Brenda Lang,2024-07-06,Road,accident,Andrew Jimenez,death_after_activity
SYN_AAD_010298,Billy Macias,2024-08-28,Road,unknown,Olivia Clark,death_after_activity
SYN_AAD_017148,Kelsey Smith,2023-12-11,Home,natural,Michael Huang,death_after_activity
SYN_AAD_012267,James Smith,2024-03-10,Hospital,unknown,Amy Nelson,death_after_activity
SYN_AAD_012385,Paige Lopez,2025-05-23,Road,accident,Mallory Shields,death_after_activity
SYN_AAD_015900,Amy Johnston,2024-12-20,Hospital,natural,Joe Larsen,death_after_activity
SYN_AAD_005541,Joseph Myers,2024-09-05,Hospital,natural,Christopher Downs,death_after_activity
SYN_AAD_017210,Bobby Conner,2025-05-02,Home,accident,Meagan Jackson,death_after_activity
SYN_AAD_015795,Justin Tanner,2025-01-25,Road,accident,Vanessa Dean,death_after_activity
SYN_AAD_005747,Zachary Smith,2025-02-07,Road,accident,Kari Sutton,death_after_activity
SYN_AAD_015859,Chad Callahan,2023-11-23,Home,unknown,Dennis Dean,death_after_activity
SYN_AAD_012447,Vickie Shaffer,2023-08-22,Hospital,accident,Timothy Ruiz,death_after_activity
SYN_AAD_000466,Michael Wise,2024-09-17,Road,accident,Yvonne Torres,death_after_activity
SYN_AAD_002121,Teresa Beck,2024-01-12,Home,unknown,Jacqueline Smith MD,death_after_activity
SYN_AAD_011218,Timothy Pierce,2025-04-06,Home,unknown,Michele Pena,death_after_activity
SYN_AAD_007367,Jessica Watkins,2023-09-09,Hospital,natural,Kyle Morgan,death_after_activity
SYN_AAD_010135,Charles Flores,2025-05-12,Road,unknown,Lisa Leonard,death_after_activity
SYN_AAD_006764,Sean Harrington,2025-01-24,Home,accident,Angel Matthews,death_after_activity
SYN_AAD_007350,Ellen Smith,2024-08-26,Road,natural,Daniel Anderson,death_after_activity
SYN_AAD_004918,Brent Williams,2023-12-30,Road,natural,Julia Hopkins,death_after_activity
SYN_AAD_009119,Noah Kemp,2024-01-19,Hospital,natural,Stacey Perez,death_after_activity
SYN_AAD_019943,David Williams,2024-05-19,Road,natural,Matthew Holmes,death_after_activity
SYN_AAD_003918,Brent Garcia,2023-08-13,Hospital,unknown,Alisha Lewis,death_after_activity
SYN_AAD_006453,Natalie Fields,2023-08-19,Road,natural,Kathryn Frye,death_after_activity
SYN_AAD_011681,Mark Hurst,2024-04-12,Hospital,unknown,Hayley Ruiz,death_after_activity
SYN_AAD_016344,Brandon Fisher,2023-10-04,Road,natural,Susan Reed,death_after_activity
SYN_AAD_015051,Janet Rivera,2025-01-21,Home,natural,Tammy Brown,death_after_activity
SYN_AAD_018658,Barbara Combs,2024-09-26,Home,accident,Amanda Bailey,death_after_activity
SYN_AAD_000399,Hannah Mann,2023-11-10,Home,accident,Leslie Mcneil,death_after_activity
SYN_AAD_017174,Robert Rodriguez,2023-08-28,Hospital,natural,Michael Parker,death_after_activity
SYN_AAD_007483,Gregory Craig,2024-06-28,Home,natural,Jeffrey Hoffman,death_after_activity
SYN_AAD_006636,Mark Smith,2024-02-01,Hospital,accident,Kelly Munoz,death_after_activity
SYN_AAD_011913,Robin Ellis,2024-10-23,Hospital,natural,Sandra Miller,death_after_activity
SYN_AAD_001076,Valerie Peters,2024-12-28,Home,accident,David Chandler,death_after_activity
SYN_AAD_013057,Melissa Schmidt,2023-10-19,Home,natural,Michael Wright,death_after_activity
SYN_AAD_003238,Eric Hunt,2025-07-02,Hospital,accident,Angela Reynolds,death_after_activity
SYN_AAD_010797,Jeremy Gordon,2024-10-16,Road,natural,Robert Stephens,death_after_activity
SYN_AAD_016627,John Olson,2024-11-27,Home,accident,Heidi Taylor,death_after_activity
SYN_AAD_002201,Andrea Sanders,2024-06-26,Home,unknown,Tonya Kim,death_after_activity
SYN_AAD_008895,Amanda Lowe,2023-09-14,Home,natural,Earl Howard,death_after_activity
SYN_AAD_018130,Alex Schwartz,2025-02-07,Hospital,unknown,James Burke,death_after_activity
SYN_AAD_017522,Sarah Swanson,2024-10-16,Road,accident,John Flores,death_after_activity
SYN_AAD_017620,Wyatt Marquez,2023-09-12,Home,accident,Lisa Carlson,death_after_activity
SYN_AAD_002603,Bobby Fisher,2025-05-01,Road,natural,Jesse Holden,death_after_activity
SYN_AAD_001834,Kelly Hall,2025-01-31,Home,accident,Troy Martinez,death_after_activity
SYN_AAD_014635,Robert Allen,2024-02-05,Road,unknown,Justin Khan,death_after_activity
SYN_AAD_018569,Jason Simon,2025-07-12,Road,accident,Kelsey Jones,death_after_activity
SYN_AAD_017135,Brian Marshall,2023-10-10,Hospital,unknown,Joshua Johnson,death_after_activity
SYN_AAD_008125,Brandon Escobar,2023-11-15,Road,unknown,Alexis Nelson,death_after_activity
SYN_AAD_008018,Mary Thompson,2023-09-22,Road,accident,Suzanne Wise,death_after_activity
SYN_AAD_008390,Shane Harding,2025-07-09,Home,natural,Carrie Duke,death_after_activity
SYN_AAD_005986,Sean Stewart,2025-01-13,Home,natural,Kimberly Novak,death_after_activity
SYN_AAD_008031,Olivia Payne,2023-12-18,Home,unknown,Michael Brown,death_after_activity
SYN_AAD_007482,Melanie Mack,2024-06-04,Road,accident,Teresa Hardy,death_after_activity
SYN_AAD_014944,Michael Jones,2024-11-11,Home,unknown,Robin Welch,death_after_activity
SYN_AAD_005814,Alex Ross,2024-01-06,Home,natural,Danielle Cowan,death_after_activity
SYN_AAD_001318,Hannah Ramos,2024-10-07,Road,natural,William Mann,death_after_activity
SYN_AAD_019960,Samuel Turner,2023-09-10,Hospital,accident,Victoria Wells,death_after_activity
SYN_AAD_008708,Sandra Cortez,2024-05-05,Road,accident,Brandon Brown,death_after_activity
SYN_AAD_018087,Daniel Baker,2023-09-06,Home,unknown,Allison Ford,death_after_activity
SYN_AAD_009092,Tamara Tran,2025-07-02,Road,natural,Virginia Smith,death_after_activity
SYN_AAD_002993,Jocelyn Jones,2024-09-23,Road,accident,Taylor Ferguson,death_after_activity
SYN_AAD_006226,Alice Gilbert,2024-12-25,Road,natural,Amy Gonzales,death_after_activity
SYN_AAD_002086,Monica Sanders,2024-11-01,Hospital,accident,Susan Johnson,death_after_activity
SYN_AAD_004343,Mr. Mark Taylor MD,2024-12-19,Home,accident,John Munoz,death_after_activity
SYN_AAD_017123,Debbie Archer,2024-04-03,Home,natural,Christopher Hammond,death_after_activity
SYN_AAD_009920,Heather Wilkerson,2024-08-22,Home,accident,Michelle Friedman,death_after_activity
SYN_AAD_001994,Emily Rodriguez,2023-11-04,Hospital,natural,Matthew Lane,death_after_activity
SYN_AAD_006806,Melanie Campbell,2024-09-23,Road,accident,Terri Smith,death_after_activity
SYN_AAD_007457,William Williams,2025-01-12,Hospital,accident,Holly Stephens,death_after_activity
SYN_AAD_007993,Brian Adams,2024-10-20,Road,unknown,Melissa Cantrell,death_after_activity
SYN_AAD_019191,Patricia Francis,2024-05-08,Hospital,unknown,Jack Warren,death_after_activity
SYN_AAD_019047,Matthew Pearson,2025-01-22,Road,accident,Richard Romero,death_after_activity
SYN_AAD_015639,Sara Whitney,2024-10-17,Hospital,accident,Victoria Clayton,death_after_activity
SYN_AAD_015213,Mr. Chad Pruitt,2024-07-25,Home,accident,Amanda Kemp,death_after_activity
SYN_AAD_003220,Brooke Smith,2024-02-21,Hospital,natural,Karen Cooper,death_after_activity
SYN_AAD_017594,Christopher Morales,2023-09-20,Road,unknown,Kara Walker,death_after_activity
SYN_AAD_001673,Mariah Gonzalez,2024-05-08,Road,unknown,Shaun Pena,death_after_activity
SYN_AAD_010448,Anthony Baker,2024-11-22,Hospital,natural,Sharon Meyer,death_after_activity
SYN_AAD_002393,Michael Hood,2024-01-09,Road,accident,Richard Villarreal,death_after_activity
SYN_AAD_006436,Christopher Young,2025-05-02,Road,accident,Erin Love MD,death_after_activity
SYN_AAD_015672,Edward Clark,2025-06-30,Hospital,unknown,April Banks,death_after_activity
SYN_AAD_003814,Anthony Stephenson,2025-01-01,Home,natural,Wendy Cook,death_after_activity
SYN_AAD_014480,Stephanie Riddle,2024-02-14,Road,natural,Jacob Howard,death_after_activity
SYN_AAD_002732,Jacqueline Garcia,2024-06-11,Home,natural,Gary Shelton,death_after_activity
SYN_AAD_015598,Nathan Whitaker,2023-12-02,Hospital,accident,James Anderson,death_after_activity
SYN_AAD_006468,Antonio Willis,2024-02-06,Hospital,accident,Michelle Hall,death_after_activity
SYN_AAD_003272,Mr. Bryan Montes,2024-08-26,Road,accident,Nathaniel Fisher,death_after_activity
SYN_AAD_017772,Alyssa Thomas,2025-05-08,Road,natural,Kevin Thornton,death_after_activity
SYN_AAD_019312,Glenn Fuentes,2024-09-20,Road,accident,Sharon Clark,death_after_activity
SYN_AAD_007044,Jennifer Bryant,2024-12-05,Home,unknown,Nicole Jackson,death_after_activity
SYN_AAD_019604,Katie Hartman,2024-04-11,Home,accident,Deborah Williams,death_after_activity
SYN_AAD_015965,Lisa Barry,2024-01-03,Hospital,accident,Walter Miller,death_after_activity
SYN_AAD_009829,Terri Garcia,2023-08-27,Hospital,accident,Elizabeth Willis,death_after_activity
SYN_AAD_018655,Nicholas Palmer,2024-07-11,Road,natural,James Smith,death_after_activity
SYN_AAD_000314,Jacob Lee,2024-04-20,Road,unknown,Brian Vincent,death_after_activity
SYN_AAD_019061,Andrew Powers,2024-02-12,Road,natural,Nancy Austin,death_after_activity
SYN_AAD_014082,Henry Fields,2024-07-08,Road,unknown,Samantha Hernandez,death_after_activity
SYN_AAD_003654,Brandy Yu,2025-02-18,Hospital,accident,Courtney Howard,death_after_activity
SYN_AAD_014504,Brian Miller,2023-09-01,Home,natural,April Allen,death_after_activity
SYN_AAD_006383,Michael Gill,2025-07-04,Road,unknown,William Richmond,death_after_activity
SYN_AAD_019298,Cynthia Monroe,2025-02-02,Road,natural,Douglas Bass,death_after_activity
SYN_AAD_014950,Justin Ramos MD,2025-04-20,Road,accident,Jacob Harris,death_after_activity
SYN_AAD_000016,John Meyer,2023-10-16,Road,natural,Ashley Morales,death_after_activity
SYN_AAD_008249,Lauren Orr,2025-04-30,Road,natural,Emily Weaver,death_after_activity
SYN_AAD_013342,Daniel Rice,2023-08-22,Home,unknown,Catherine Armstrong,death_after_activity
SYN_AAD_019705,Colleen Meyers,2024-04-01,Hospital,unknown,Sydney Burton,death_after_activity
SYN_AAD_008871,Joseph Crawford,2025-02-14,Road,unknown,Angela Brown,death_after_activity
SYN_AAD_016141,Elizabeth Stephenson,2025-05-28,Road,natural,Thomas Walker,death_after_activity
SYN_AAD_005784,Anna Hamilton,2023-10-01,Hospital,natural,Eugene Perry,death_after_activity
SYN_AAD_010768,Michael Cannon,2023-09-28,Road,natural,Alexander Swanson,death_after_activity
SYN_AAD_016622,Daniel Contreras,2024-02-23,Hospital,natural,Christopher Wood,death_after_activity
SYN_AAD_015836,Monica Mcdonald,2023-09-29,Road,natural,Lisa Davenport,death_after_activity
SYN_AAD_016849,Jennifer Beasley,2024-04-06,Road,unknown,Matthew Freeman,death_after_activity
SYN_AAD_009298,Michelle Coleman,2024-10-08,Home,unknown,Mary Williamson,death_after_activity
SYN_AAD_009818,Christopher Frye,2025-04-12,Hospital,natural,Amy Bright,death_after_activity
SYN_AAD_008657,Cheryl Preston,2024-05-18,Home,accident,William Wyatt,death_after_activity
SYN_AAD_017438,Derek Livingston,2024-01-08,Home,natural,James Rocha,death_after_activity
SYN_AAD_008159,Leonard Taylor,2024-03-03,Road,natural,Ronald Adams,death_after_activity
SYN_AAD_011178,Mrs. Lori Price,2025-06-06,Road,accident,Amanda Luna,death_after_activity
SYN_AAD_009020,Stacey Lloyd MD,2024-12-23,Road,natural,James Jones,death_after_activity
SYN_AAD_018391,Victoria Rios,2025-06-02,Hospital,unknown,Christine Brown,death_after_activity
SYN_AAD_016484,Tiffany Roberts,2024-10-25,Home,natural,Krystal Wood,death_after_activity
SYN_AAD_010118,Alexander Chavez,2024-10-13,Hospital,natural,Brittany Richardson,death_after_activity
SYN_AAD_014419,Kayla Howard,2025-03-09,Hospital,unknown,Misty Wise,death_after_activity
SYN_AAD_003652,Stephen Parker,2024-06-22,Road,natural,Paul Johnson,death_after_activity
SYN_AAD_005969,Victoria Lee,2024-06-12,Home,unknown,Edward Parker,death_after_activity
SYN_AAD_015977,Tim Ashley,2024-05-09,Home,natural,Lauren Hendricks,death_after_activity
SYN_AAD_000213,Martha Sanchez,2024-08-27,Hospital,accident,Erik Rogers,death_after_activity
SYN_AAD_010459,Beth Brown,2024-08-13,Hospital,unknown,Jennifer Donovan,death_after_activity
SYN_AAD_016696,Heather White,2025-05-18,Home,natural,Charles Bridges,death_after_activity
SYN_AAD_015417,Susan Gutierrez,2024-09-24,Home,accident,Brian Munoz,death_after_activity
SYN_AAD_016245,Hannah Johnson,2023-10-01,Home,natural,Matthew Stevens,death_after_activity
SYN_AAD_005345,John Alexander,2024-07-01,Hospital,accident,Jeremy Roberts,death_after_activity
SYN_AAD_005858,Gail Clark,2024-03-02,Home,natural,Craig Parsons,death_after_activity
SYN_AAD_002148,Brandy Moore,2024-03-26,Home,unknown,Donald Smith,death_after_activity
SYN_AAD_014156,Nicholas Williams,2025-02-21,Hospital,unknown,Susan Wilson,death_after_activity
SYN_AAD_009982,Alyssa Mills,2024-01-23,Road,unknown,Travis Shelton,death_after_activity
SYN_AAD_003098,Victoria Vazquez,2024-09-05,Home,unknown,Kendra Moses,death_after_activity
SYN_AAD_014522,Kimberly Ortiz,2024-07-01,Hospital,accident,Tammy Marquez,death_after_activity
SYN_AAD_011220,Christina Marshall,2025-06-24,Home,accident,Matthew Ellis,death_after_activity
SYN_AAD_017648,Robert Perkins,2023-11-21,Hospital,accident,Terry Farmer,death_after_activity
SYN_AAD_005985,Robert Lee,2025-05-20,Road,accident,Samuel Rodriguez,death_after_activity
SYN_AAD_006343,Charles Rodriguez,2025-05-15,Home,unknown,Jerry Thompson,death_after_activity
SYN_AAD_003562,Sandra Carr MD,2023-08-31,Hospital,natural,Tami Ortega,death_after_activity
SYN_AAD_007595,Gregory Thomas,2024-01-04,Road,unknown,Jenna Grimes,death_after_activity
SYN_AAD_006986,Steven Barrett,2025-02-13,Road,natural,Norman Wilson,death_after_activity
SYN_AAD_010066,Derrick Clay,2024-07-01,Home,natural,Elizabeth Garcia,death_after_activity
SYN_AAD_016442,Edwin Clark,2025-03-02,Road,accident,Daniel Santos,death_after_activity
SYN_AAD_010006,Melissa Thompson,2024-10-17,Road,accident,Hannah Wilson,death_after_activity
SYN_AAD_010486,Ronald Flores,2025-01-11,Hospital,natural,Michael Webb,death_after_activity
SYN_AAD_017380,Jeremy Frost,2024-06-06,Hospital,unknown,Patrick Boyle,death_after_activity
SYN_AAD_015462,Robert Chen,2025-01-05,Home,natural,David Kelly,death_after_activity
SYN_AAD_003372,Jenna Owen,2024-03-08,Hospital,accident,Geoffrey Holland,death_after_activity
SYN_AAD_009832,Destiny Griffin,2024-01-29,Home,natural,Patricia Evans,death_after_activity
SYN_AAD_019972,Rebecca Hall,2025-05-03,Home,natural,Mary Alexander,death_after_activity
SYN_AAD_006890,Michael Williams,2025-01-16,Home,natural,Elizabeth Scott,death_after_activity
SYN_AAD_018710,Micheal Hoffman,2023-09-12,Road,unknown,Chad Davis,death_after_activity
SYN_AAD_005065,Timothy Murray,2025-04-28,Road,unknown,Ashley Miller,death_after_activity
SYN_AAD_010609,James Vargas,2025-01-08,Home,natural,Carla Aguirre,death_after_activity
SYN_AAD_005124,Cathy Cruz,2025-01-13,Home,unknown,Tiffany Phillips,death_after_activity
SYN_AAD_006288,Meghan Jackson,2023-09-23,Home,accident,Joy Gilbert,death_after_activity
SYN_AAD_012983,Patricia Frederick,2023-12-13,Home,unknown,Michael Robles,death_after_activity
SYN_AAD_005628,Paul Jimenez,2025-03-20,Hospital,unknown,Jeffrey Singleton,death_after_activity
SYN_AAD_005175,Shelley Bridges,2024-07-06,Hospital,natural,April Brennan,death_after_activity
SYN_AAD_019992,Courtney Smith,2025-05-09,Home,natural,Mikayla Baker,death_after_activity
SYN_AAD_005148,Courtney Bailey,2023-11-23,Road,accident,Lindsay Morgan,death_after_activity
SYN_AAD_010671,Erica Walton DDS,2024-03-08,Home,accident,Jodi Banks,death_after_activity
SYN_AAD_016923,Emily Cook,2024-05-25,Road,accident,Anthony Harris,death_after_activity
SYN_AAD_015524,Ashley Brooks,2024-07-14,Hospital,natural,Stephanie Harper,death_after_activity
SYN_AAD_019504,Melissa Adams,2025-07-03,Hospital,unknown,Nicholas Moss,death_after_activity
SYN_AAD_013661,Andrea Leonard,2023-11-30,Hospital,natural,Anthony Romero,death_after_activity
SYN_AAD_008827,Robert Valdez,2024-08-28,Hospital,unknown,Rachel Allen,death_after_activity
SYN_AAD_007494,Jennifer Williams,2024-08-01,Home,accident,Samantha Adams,death_after_activity
SYN_AAD_008613,Heather Barnett,2024-05-11,Hospital,unknown,Nancy Gonzales,death_after_activity
SYN_AAD_015465,Alan Castro,2024-08-15,Hospital,unknown,Danielle Zavala,death_after_activity
SYN_AAD_009948,Chad Hall,2024-03-30,Hospital,accident,Susan Williams,death_after_activity
SYN_AAD_012150,Pamela Koch DDS,2025-01-28,Home,natural,Pamela Elliott,death_after_activity
SYN_AAD_004750,Bethany Smith,2024-01-26,Hospital,accident,Shelby Leonard,death_after_activity
SYN_AAD_010034,Kimberly Chapman,2025-06-03,Road,natural,Angela Thomas,death_after_activity
SYN_AAD_010935,Edward Smith,2025-06-14,Hospital,accident,James Wilson,death_after_activity
SYN_AAD_011597,Angela Moore,2024-04-24,Road,accident,Samuel Stanton,death_after_activity
SYN_AAD_010333,Brittany Moore,2025-05-07,Home,natural,Rebecca Rogers,death_after_activity
SYN_AAD_014736,Jeremiah Smith,2025-03-21,Road,unknown,Paul Case,death_after_activity
SYN_AAD_010093,Raymond Fowler,2023-10-23,Road,accident,Robert Scott,death_after_activity
SYN_AAD_013936,Nicholas Weeks,2025-05-31,Hospital,unknown,Victoria Simon,death_after_activity
SYN_AAD_018457,Miguel Hart,2025-07-10,Road,natural,George Robinson,death_after_activity
SYN_AAD_012895,Jasmine Norman,2024-09-22,Hospital,unknown,Nicholas Mejia,death_after_activity
SYN_AAD_013668,Wayne Walsh,2023-08-13,Hospital,unknown,Jessica Carter,death_after_activity
SYN_AAD_000185,Kimberly Jones,2023-11-06,Home,accident,Rachel Barber,death_after_activity
SYN_AAD_013240,Brian Villanueva,2024-02-24,Road,natural,Richard Hess,death_after_activity
SYN_AAD_001812,Joel Flores,2024-01-09,Home,unknown,Tommy Anthony,death_after_activity
SYN_AAD_013395,Jasmine Myers,2023-09-05,Hospital,accident,Jessica Bradley,death_after_activity
SYN_AAD_011587,Travis Sanchez,2024-02-25,Hospital,accident,Joanna Cooper,death_after_activity
SYN_AAD_004585,Kristen Tran,2024-04-26,Home,natural,David Clarke,death_after_activity
SYN_AAD_014971,Timothy Kelly,2024-01-23,Home,natural,Mallory Monroe,death_after_activity
SYN_AAD_008985,Paul Byrd,2024-06-27,Road,natural,Dylan Griffin,death_after_activity
SYN_AAD_000638,Katie Harris,2024-09-01,Home,natural,Shelby Brown,death_after_activity
SYN_AAD_006626,Robert Morgan,2023-12-07,Home,unknown,Nicholas Pace,death_after_activity
SYN_AAD_006835,Jennifer Harris,2023-12-26,Home,accident,Mary Robinson,death_after_activity
SYN_AAD_008386,Timothy Hall,2025-01-12,Hospital,unknown,Cindy Kemp,death_after_activity
SYN_AAD_009659,Ernest Sanders,2025-06-11,Road,natural,Amber Lawrence,death_after_activity
SYN_AAD_012238,Mitchell Douglas,2023-12-21,Road,unknown,Nicole Ortiz,death_after_activity
SYN_AAD_000775,Thomas Martinez PhD,2024-05-07,Road,accident,Ryan Bryan,death_after_activity
SYN_AAD_010546,Heather Hernandez,2024-05-27,Home,natural,Jennifer Jensen,death_after_activity
SYN_AAD_014008,Michelle Perkins,2024-11-14,Home,accident,Brad Davis,death_after_activity
SYN_AAD_012530,Melinda Flores,2023-10-18,Hospital,accident,Carlos Harper,death_after_activity
SYN_AAD_010672,Ashley Lewis,2024-02-23,Home,unknown,John Saunders,death_after_activity
SYN_AAD_018286,Miss Ashley Martinez,2024-08-11,Hospital,unknown,Katrina Ayers,death_after_activity
SYN_AAD_018349,Sara Weeks,2023-08-31,Hospital,accident,Deborah Guerra,death_after_activity
SYN_AAD_006535,Adam Lambert,2025-03-06,Road,accident,Marcus Sanchez,death_after_activity
SYN_AAD_016480,Jonathan Bush,2024-11-05,Hospital,accident,Sherry Marshall,death_after_activity
SYN_AAD_014421,Amy Perez,2023-10-26,Road,natural,Sydney Green,death_after_activity
SYN_AAD_008977,Benjamin Neal,2024-12-18,Road,unknown,John Hernandez,death_after_activity
SYN_AAD_003500,Stephen Yates,2024-12-16,Road,natural,Billy Evans,death_after_activity
SYN_AAD_002438,Taylor Willis,2024-12-15,Hospital,accident,Steven Lyons,death_after_activity
SYN_AAD_007967,Cameron Lucas,2024-04-05,Home,natural,Patricia Doyle,death_after_activity
SYN_AAD_005256,Katelyn Nelson,2024-11-05,Hospital,accident,Christopher Clark,death_after_activity
SYN_AAD_010665,William Wood,2025-03-18,Home,accident,Christopher Long,death_after_activity
SYN_AAD_015718,Kevin Harper,2025-06-20,Home,natural,John Sanchez,death_after_activity
SYN_AAD_019429,Lindsey Page,2025-03-03,Hospital,natural,Joshua Henry,death_after_activity
SYN_AAD_015396,Andrea Lynch,2024-09-04,Road,accident,Jessica Solomon,death_after_activity
SYN_AAD_001507,Jennifer Long,2024-05-20,Home,unknown,Eric Ross,death_after_activity
SYN_AAD_012781,Nathan Freeman,2024-02-10,Hospital,natural,Dustin Norton,death_after_activity
SYN_AAD_015959,Jamie Wheeler,2023-10-05,Home,natural,Jeffrey Macdonald,death_after_activity
SYN_AAD_008186,Chelsey Solis,2024-06-19,Home,accident,Mary Kent,death_after_activity
SYN_AAD_009179,Andrea Edwards,2024-11-21,Road,unknown,Zachary Stone,death_after_activity
SYN_AAD_019880,Denise Ali,2024-07-09,Road,natural,Kimberly Shepard,death_after_activity
SYN_AAD_019205,Brenda Preston,2023-09-21,Road,unknown,Molly Stark,death_after_activity
SYN_AAD_012288,Michael Wang,2023-08-26,Home,natural,Tara Morton,death_after_activity
SYN_AAD_001943,Daniel Gonzalez,2025-04-26,Road,accident,Jeremy Schultz,death_after_activity
SYN_AAD_003323,Vincent Marquez,2024-03-18,Road,natural,Misty Rodriguez,death_after_activity
SYN_AAD_001838,Jessica Ward,2025-01-07,Hospital,accident,Lisa Williams,death_after_activity
SYN_AAD_011229,Michael Gonzalez,2023-08-15,Hospital,unknown,Brian Wallace,death_after_activity
SYN_AAD_009045,Donald Grimes,2023-11-01,Home,accident,Brittany Fuller,death_after_activity
SYN_AAD_017625,Sarah Miller,2024-02-23,Hospital,accident,Ronnie Contreras,death_after_activity
SYN_AAD_012106,Mark Hunter,2024-08-20,Road,natural,Katelyn Berry,death_after_activity
SYN_AAD_014356,Craig Mcclure,2025-04-14,Home,accident,Amanda Reilly,death_after_activity
SYN_AAD_009313,Lisa Nguyen,2025-07-03,Road,accident,Brianna Banks,death_after_activity
SYN_AAD_003638,Stephen Haynes,2025-06-04,Hospital,natural,Michael Wilson,death_after_activity
SYN_AAD_015461,Kristina Jackson,2024-04-18,Hospital,accident,John Camacho,death_after_activity
SYN_AAD_004400,Cindy Mcguire,2024-07-29,Home,accident,Norma Webster,death_after_activity
SYN_AAD_002424,Vickie Stanton,2024-04-17,Road,accident,Victor Alvarez,death_after_activity
SYN_AAD_010634,Mrs. Elizabeth Flores DVM,2025-05-21,Home,accident,Andrew Morris,death_after_activity
SYN_AAD_013558,Glenda Miller,2024-05-12,Road,accident,Curtis Kelley,death_after_activity
SYN_AAD_004973,Mary Sampson,2025-05-08,Home,natural,Mrs. Stephanie Carroll DDS,death_after_activity
SYN_AAD_004928,Rhonda Mcconnell,2023-10-05,Road,accident,Sandra Adams,death_after_activity
SYN_AAD_019326,Kimberly Bishop,2024-01-17,Hospital,natural,Gary Boyd,death_after_activity
SYN_AAD_009792,Maurice Padilla,2024-11-21,Hospital,natural,Mark Espinoza,death_after_activity
SYN_AAD_018811,Monique Jefferson,2025-04-19,Hospital,natural,Nicole Lopez,death_after_activity
SYN_AAD_006553,Emily Jones,2023-09-23,Home,unknown,Daniel Wilson,death_after_activity
SYN_AAD_018410,Steven Lee,2024-11-16,Home,unknown,Thomas Kelly,death_after_activity
SYN_AAD_002883,Christina Miller,2024-12-20,Road,natural,Christopher Robertson,death_after_activity
SYN_AAD_014360,Dean Stevens,2023-08-23,Road,natural,Travis Wu,death_after_activity
SYN_AAD_008035,Teresa Harris,2024-11-28,Hospital,accident,Matthew Saunders,death_after_activity
SYN_AAD_010742,Joshua Wilson,2024-06-29,Road,natural,Jay Martinez,death_after_activity
SYN_AAD_018767,Tiffany Hayes,2025-06-29,Hospital,accident,Joshua Rogers,death_after_activity
SYN_AAD_017910,Lisa Howard,2024-12-05,Road,unknown,Tina Sims,death_after_activity
SYN_AAD_008543,Joseph Parker,2024-10-24,Road,unknown,Kristin Evans,death_after_activity
SYN_AAD_018241,Laura Morgan,2024-07-19,Hospital,natural,David Marks,death_after_activity
SYN_AAD_017400,Christopher Perry,2023-11-19,Hospital,unknown,Derek Higgins,death_after_activity
SYN_AAD_009549,Bryan Blackburn,2025-03-13,Hospital,unknown,Angel Lee,death_after_activity
SYN_AAD_000716,Sarah Gonzalez,2025-03-14,Home,natural,Jonathan Villanueva,death_after_activity
SYN_AAD_004602,Kristine Walker,2023-10-22,Road,accident,Nicole Hodges,death_after_activity
SYN_AAD_002228,Joseph Whitaker,2024-11-23,Home,natural,Kimberly Andrews,death_after_activity
SYN_AAD_010287,Jamie Meyers,2024-10-15,Road,natural,Joshua Cox,death_after_activity
SYN_AAD_011836,Johnny Garcia,2025-03-30,Road,accident,Melissa Garrett,death_after_activity
SYN_AAD_014609,Shelly Randall,2025-01-29,Hospital,natural,Carlos Parrish,death_after_activity
SYN_AAD_007038,Julia Guzman,2023-10-03,Hospital,unknown,Corey Jacobs,death_after_activity
SYN_AAD_006033,Tammy Stephens,2024-02-28,Road,accident,Deborah Vaughn,death_after_activity
SYN_AAD_010527,Sara Miller,2024-12-08,Hospital,accident,Brian Hill,death_after_activity
SYN_AAD_015346,James Porter,2023-09-29,Home,unknown,Tracey White,death_after_activity
SYN_AAD_007460,Carla Olson,2024-12-10,Road,accident,Anthony Cowan,death_after_activity
SYN_AAD_015099,Allen Garner,2025-01-09,Home,unknown,James Figueroa,death_after_activity
SYN_AAD_011868,Mr. Sean Mcconnell,2024-07-17,Home,accident,Kendra Rhodes,death_after_activity
SYN_AAD_010912,David Sims,2024-07-19,Hospital,unknown,Steven Ortega,death_after_activity
SYN_AAD_006520,Raymond Rivera,2024-05-06,Home,accident,Shannon Ingram,death_after_activity
SYN_AAD_008487,Frances Holt,2024-03-03,Home,accident,Eric Rojas,death_after_activity
SYN_AAD_008367,Matthew Hernandez,2025-01-07,Road,accident,Larry Lopez,death_after_activity
SYN_AAD_019779,Vanessa Barber,2024-10-30,Hospital,accident,James Li,death_after_activity
SYN_AAD_000758,Paul Peterson,2024-06-04,Hospital,accident,Maria Romero MD,death_after_activity
SYN_AAD_004596,Colleen Frank PhD,2025-01-08,Road,natural,William Gardner,death_after_activity
SYN_AAD_003905,Chad Ortega,2024-09-04,Hospital,natural,Troy Diaz,death_after_activity
SYN_AAD_013460,Robert Steele,2025-01-16,Home,accident,Sandra Clark,death_after_activity
SYN_AAD_014002,Aaron Young,2025-05-26,Hospital,accident,Christopher Dickerson,death_after_activity
SYN_AAD_012986,Rachel Jackson,2024-09-10,Home,unknown,Bryan Peck,death_after_activity
SYN_AAD_015936,Keith Le,2025-04-17,Hospital,accident,John Bradley,death_after_activity
SYN_AAD_001573,John Mejia,2025-06-07,Hospital,accident,Michelle Jenkins,death_after_activity
SYN_AAD_017314,Donald Ruiz,2025-05-05,Hospital,natural,Joshua Fisher,death_after_activity
SYN_AAD_001975,Mr. George Murphy,2025-03-05,Hospital,accident,Jordan Farmer,death_after_activity
SYN_AAD_016785,Corey Williams,2024-01-01,Road,natural,Samantha Tucker,death_after_activity
SYN_AAD_000530,Cynthia Richards,2023-11-07,Road,accident,Craig Bennett,death_after_activity
SYN_AAD_018537,Hannah Brown,2024-12-10,Road,accident,Paula Richardson,death_after_activity
SYN_AAD_014326,Anthony Hendricks,2024-07-30,Road,natural,Austin Collins,death_after_activity
SYN_AAD_001051,Charles Roberts DDS,2024-09-17,Hospital,natural,Dylan Bennett,death_after_activity
SYN_AAD_016522,Keith Nichols,2023-11-25,Hospital,accident,Jamie Eaton,death_after_activity
SYN_AAD_010717,Andrew Briggs,2024-08-14,Home,unknown,Matthew Wright,death_after_activity
SYN_AAD_017655,Justin Jackson,2025-02-16,Home,unknown,Stacy Bird,death_after_activity
SYN_AAD_016122,Patrick Freeman,2024-11-27,Hospital,accident,Nicole Moore,death_after_activity
SYN_AAD_009261,Brian Adams,2025-02-18,Hospital,unknown,Laura George,death_after_activity
SYN_AAD_018835,Dr. Shannon Mahoney,2025-03-20,Hospital,accident,Benjamin Leon,death_after_activity
SYN_AAD_010936,Robert Curtis,2024-08-18,Home,unknown,Robert Chan,death_after_activity
SYN_AAD_002199,Anthony Evans,2025-04-06,Road,accident,Sharon Patterson,death_after_activity
SYN_AAD_002475,Dr. Lisa Erickson,2025-04-03,Road,unknown,Brenda Hammond,death_after_activity
SYN_AAD_018523,Nicholas Ward,2025-02-14,Hospital,accident,Danielle Reynolds,death_after_activity
SYN_AAD_003019,Anne Lee,2025-06-04,Hospital,accident,April Mills,death_after_activity
SYN_AAD_018294,Diamond Owens,2024-03-07,Home,accident,Jeff Lewis,death_after_activity
SYN_AAD_003680,Rickey Smith,2024-01-10,Home,accident,Christopher Johnson,death_after_activity
SYN_AAD_017424,Beverly Thompson,2025-03-29,Road,natural,Michael Watkins,death_after_activity
SYN_AAD_005184,Christopher Williams,2023-08-21,Road,unknown,Julie May,death_after_activity
SYN_AAD_016826,Douglas Rodriguez,2023-09-29,Road,natural,James Aguilar,death_after_activity
SYN_AAD_002874,Dr. Eric Powers,2023-10-15,Hospital,accident,Andrew Mercer DDS,death_after_activity
SYN_AAD_018806,Eric Garrison,2024-09-03,Hospital,accident,Steven Boyd,death_after_activity
SYN_AAD_015350,Cynthia Cruz,2024-04-12,Hospital,natural,Thomas Morrow,death_after_activity
SYN_AAD_019989,Jennifer Weaver,2025-07-07,Hospital,accident,Cindy Michael,death_after_activity
SYN_AAD_006255,Mr. Hector Howard MD,2025-03-01,Home,unknown,Joseph Dillon,death_after_activity
SYN_AAD_002394,Jason Andrade,2025-06-09,Home,accident,Allen Bright,death_after_activity
SYN_AAD_014121,Tina Cook,2023-12-22,Home,natural,Emily Duncan,death_after_activity
SYN_AAD_009072,Ashley Anderson,2024-02-09,Hospital,unknown,Rebecca Kim,death_after_activity
SYN_AAD_015260,Teresa Bryan,2025-05-26,Hospital,natural,Abigail Powers,death_after_activity
SYN_AAD_014787,Brian Hicks,2024-03-22,Hospital,accident,Sarah Young,death_after_activity
SYN_AAD_004987,Angela Andrews,2025-02-12,Road,accident,Elizabeth Chaney,death_after_activity
SYN_AAD_010827,Joanna Powell,2024-01-08,Home,unknown,William Bates,death_after_activity
SYN_AAD_002392,Jenna Williams,2024-05-02,Road,unknown,Thomas Collins,death_after_activity
SYN_AAD_005953,Jennifer Montoya,2024-04-12,Road,unknown,Joel Bauer,death_after_activity
SYN_AAD_018848,Kenneth Roberts,2024-04-03,Hospital,natural,Mary Turner,death_after_activity
SYN_AAD_011134,Thomas Walsh,2025-05-22,Road,natural,Misty Osborne,death_after_activity
SYN_AAD_014878,Elizabeth Little,2023-11-12,Home,natural,Jack Myers,death_after_activity
SYN_AAD_017292,Duane Marsh,2024-12-03,Home,accident,Charles Jones,death_after_activity
SYN_AAD_014168,Kristen Gray,2025-01-10,Road,accident,Antonio Conrad,death_after_activity
SYN_AAD_000703,Jeffrey Roberts,2023-11-12,Hospital,natural,Debra Thompson,death_after_activity
SYN_AAD_013155,Joseph Clark,2024-09-05,Home,natural,Christopher Galloway,death_after_activity
SYN_AAD_018833,Shaun Hopkins,2024-12-05,Road,natural,Hannah White,death_after_activity
SYN_AAD_009627,Jose Todd,2024-05-09,Hospital,accident,Katherine Ray,death_after_activity
SYN_AAD_000208,Kathryn Taylor,2024-07-31,Hospital,natural,Jamie Underwood,death_after_activity
SYN_AAD_012777,Emily Little,2023-08-19,Home,unknown,Christina Nguyen,death_after_activity
SYN_AAD_000618,Barry Scott,2024-08-17,Home,accident,Brittany Foley,death_after_activity
SYN_AAD_000279,Laura Hernandez,2024-09-21,Home,unknown,Cynthia Wilson,death_after_activity
SYN_AAD_007380,Kathryn Huber,2024-07-27,Hospital,natural,Aaron Leblanc,death_after_activity
SYN_AAD_010563,Mark Cross,2024-04-11,Home,unknown,Derrick Edwards,death_after_activity
SYN_AAD_013996,Kimberly Caldwell,2023-12-27,Road,natural,Michael Lee,death_after_activity
SYN_AAD_004931,Terry Sandoval,2024-08-27,Hospital,unknown,Jodi Johnson,death_after_activity
SYN_AAD_008482,Ralph Lawrence,2025-03-15,Home,unknown,Joseph Conrad,death_after_activity
SYN_AAD_007303,Melissa Bender,2025-01-31,Road,accident,Frank Rivera,death_after_activity
SYN_AAD_019148,Renee Martinez,2025-05-01,Home,accident,Rachel Smith,death_after_activity
SYN_AAD_010702,Kevin Baxter,2024-09-20,Hospital,accident,Lisa Thomas,death_after_activity
SYN_AAD_017444,Shane Scott,2023-10-14,Road,accident,Austin Gardner,death_after_activity
SYN_AAD_014999,Bryan Adams,2024-02-09,Home,natural,James Rubio,death_after_activity
SYN_AAD_006564,Karen Lee,2023-08-13,Road,unknown,David Wilcox,death_after_activity
SYN_AAD_018823,Deanna Carter,2024-03-19,Hospital,unknown,Michael Barber,death_after_activity
SYN_AAD_011621,Emily Le,2024-10-08,Road,unknown,Tiffany Barr,death_after_activity
SYN_AAD_018902,Kathryn Johnson,2023-11-23,Home,natural,Christopher Blackwell,death_after_activity
SYN_AAD_005000,Brian Doyle,2024-12-01,Hospital,natural,Nancy Simpson,death_after_activity
SYN_AAD_006188,Vincent Morgan,2023-12-25,Home,unknown,Michelle Williams,death_after_activity
SYN_AAD_004858,Emma Miller,2025-03-20,Road,natural,Jennifer White,death_after_activity
SYN_AAD_006754,Christopher Martinez,2023-11-23,Home,unknown,Michelle Johnson,death_after_activity
SYN_AAD_010108,Erin Harris,2024-11-13,Hospital,natural,Stephen Griffin,death_after_activity
SYN_AAD_005950,Wendy Duran,2025-01-22,Home,natural,Dustin Woods,death_after_activity
SYN_AAD_003306,Anthony Richardson,2024-02-25,Road,natural,Ms. Allison Grant,death_after_activity
SYN_AAD_000859,Kevin Curtis,2025-01-25,Road,natural,Kayla Galvan,death_after_activity
SYN_AAD_017479,Michele Orozco,2024-08-23,Hospital,accident,Briana Snyder,death_after_activity
